1112T4ClC2a|1,1,1,2-tetrachloorethaan
111TClC2a|1,1,1-trichloorethaan
1122T4ClC2a|1,1,2,2-tetrachloorethaan
112TClC2a|1,1,2-trichloorethaan
11ClPF3OUdS|11-chlooreicosafluor-3-oxaundecaan-1-sulfonzuur
11DClC2a|1,1-dichloorethaan
11DClC2e|1,1-dichlooretheen
11DClC3a|1,1-dichloorpropaan
11DClC3e|1,1-dichloorpropeen
1234T4C1yBen|1,2,3,4-tetramethylbenzeen
1234T4ClBen|1,2,3,4-tetrachloorbenzeen
1235T4C1yBen|1,2,3,5-tetramethylbenzeen
1235T4ClBen|1,2,3,5-tetrachloorbenzeen
123TC1yBen|1,2,3-trimethylbenzeen
123TClBen|1,2,3-trichloorbenzeen
123TClC3a|1,2,3-trichloorpropaan
123benztazl|1,2,3-benzotriazool
1245T4C1yBen|1,2,4,5-tetramethylbenzeen
1245T4ClBen|1,2,4,5-tetrachloorbenzeen
124TC1yBen|1,2,4-trimethylbenzeen
124TClBen|1,2,4-trichloorbenzeen
124Tazl|1,2,4-triazool
12C3yegcl|1,2-propyleenglycol
12C4oxC2oxC2|1-(2-butoxyethoxy)-ethanol
12DBr3ClC3a|1,2-dibroom-3-chloorpropaan
12DBrC2a|1,2-dibroomethaan
12DC2oxC2a|1,2-diethoxyethaan (diethylglycol)
12DClBen|1,2-dichloorbenzeen
12DClC2a|1,2-dichloorethaan
12DClC2e|1,2-dichlooretheen
12DClC3a|1,2-dichloorpropaan
12xyln|1,2-xyleen
134DClFy3C1y|1-(3,4-dichloorfenyl)-3-methylureum
134DClFyurum|1-(3,4-dichloorfenyl)ureum
135TC1yBen|1,3,5-trimethylbenzeen
135TClBen|1,3,5-trichloorbenzeen
135Talicaurt|1,3,5-triallylisocyanuraat
135Tazn246TA|1,3,5-Triazine-2,4,6-triamine (Melamine)
13DC2yBen|1,3-diethylbenzeen
13DClBen|1,3-dichloorbenzeen
13DClC3a|1,3-dichloorpropaan
13DClC3e|1,3-dichloorpropeen
13DFygandne|1,3-difenylguanidine
13DactBen|1,3-diacetylbenzeen
13xyln|1,3-xyleen
14DC1y25DiC3|1,4-dimethyl-2,5-diisopropylbenzeen
14DC1yNaf|1,4-dimethylnaftaleen
14DC2yBen|1,4-diethylbenzeen
14DClBen|1,4-dichloorbenzeen
14DOxan|1,4-dioxaan
14DactBen|1,4-diacetylbenzeen
14iC3yFyurum|1-(4-isopropylfenyl)ureum
14xyln|1,4-xyleen
17aestDol|17alpha-estradiol
17bestDol|17beta-estradiol
1AoC3a|1-aminopropaan
1C16ol|1-hexadecanol
1C1yC12yBen|1-methyldodecylbenzeen
1C1yNaf|1-methylnaftaleen
1C2yididn|1-ethylideenindeen
1C3atol|1-propaanthiol
1C3ol2ClPO4|1-propanol-2-chloorfosfaat
1C3yBen|1-propylbenzeen
1C4atol|1-butaanthiol
1ClC3a|1-chloorpropaan
1Fy1C5e3on|1-fenyl-1-penteen-3-on
1Nafsfzr|1-naftaleensulfonzuur
1iC3y4C1yBen|1-isopropyl-4-methyl-benzeen
2255T4C4yT4H|2,2,5,5,-tetramethyl-tetrahydrofuran
22C4oxC2ox02|2-(2-butoxyethoxy)ethylacetaat
22DClC3a|2,2-dichloorpropaan
22DClppozr|2,2-dichloorpropionzuur
2345T4ClAn|2,3,4,5-tetrachlooraniline
2345T4ClFol|2,3,4,5-tetrachloorfenol
2346T4ClFol|2,3,4,6-tetrachloorfenol
234TClAn|2,3,4-trichlooraniline
234TClFol|2,3,4-trichloorfenol
2356T4ClAn|2,3,5,6-tetrachlooraniline
2356T4ClFol|2,3,5,6-tetrachloorfenol
235TC1yFol|2,3,5-trimethylfenol
235TClFol|2,3,5-trichloorfenol
236TClFol|2,3,6-trichloorfenol
23DC1yFol|2,3-dimethylfenol
23DClAn|2,3-dichlooraniline
23DClC3e|2,3-dichloorpropeen
23DClFol|2,3-dichloorfenol
23DClFyiCN|2,3-dichloorfenylisocyanaat
23DHindl2on|2,3-dihydroindol-2-on
245T|2,4,5-trichloorfenoxyazijnzuur
245TClAn|2,4,5-trichlooraniline
245TClFol|2,4,5-trichloorfenol
245TP|2,4,5-trichloorfenoxypropionzuur
246TBrFol|2,4,6-tribroomfenol
246TC1yFol|2,4,6-trimethylfenol
246TClAn|2,4,6-trichlooraniline
246TClFol|2,4,6-trichloorfenol
2479T4C1y5dc|2,4,7,9-tetramethyl-5-decyn-4,7-diol
24D|2,4-dichloorfenoxyazijnzuur
24DB|2,4-dichloorfenoxyboterzuur
24DC1yFol|2,4-dimethylfenol
24DClAn|2,4-dichlooraniline
24DClFol|2,4-dichloorfenol
24DDD|2,4'-dichloordifenyldichloorethaan
24DDE|2,4'-dichloordifenyldichlooretheen
24DDT|2,4'-dichloordifenyltrichloorethaan
24DNO2Fol|2,4-dinitrofenol
24DP|2,4-dichloorfenoxypropionzuur
24DttC4yFol|2,4-di-tertiair-butylfenol
25811T4OaC12|2,5,8,11-tetraoxadodecaan
25DC1yFol|2,5-dimethylfenol
25DClAn|2,5-dichlooraniline
261014T4C102|2,6,10,14-tetramethylhexadecaan
26DC1yFol|2,6-dimethylfenol
26DC1yqnlne|2,6-dimethylquinoline
26DCl4NO2An|2,6-dichloor-4-nitroaniline
26DClAn|2,6-dichlooraniline
26DClBenAd|2,6-dichloorbenzamide
26DClFol|2,6-dichloorfenol
26DttC4y14be|2,6-di-tert-butyl-1,4-benzochinon
26DttC4yFol|2,6-di-tert-butylfenol
26xyldne|2,6-xylidine
2Aoactfnn|2-aminoacetofenon
2C1oxC2yactt|2-methoxyethylacetaat
2C1oxC3yactt|2-methoxypropylacetaat
2C1y1Fy2C3ol|2-methyl-1-fenyl-2-propanol
2C1y2bztazl|2-methyl-2-benzotriazool
2C1y5NO2imdz|2-methyl-5-nitroimidazool
2C1yC3ol|2-methylpropanol (iso-butanol)
2C1yNaf|2-methylnaftaleen
2C1yqnlne|2-methylquinoline
2C1ytobztazl|2-methylthiobenzothiazool
2C2ox2C1yC3a|2-ethoxy-2-methylpropaan
2C2y1C6ol|2-ethyl-1-hexanol
2C2yC6y4C1ox|2-ethylhexyl-4-methoxycinnamaat
2C2yC6yNO3|2-ethylhexylnitraat
2C2yFol|2-ethylfenol
2C2yTol|2-ethyltolueen
2C3ol|2-propanol
2C3yFol|2-propylfenol
2C4ol|2-butanol
2C4on|2-butanon (MEK)
2C5on|2-pentanon
2C7on|2-heptanon
2Cl4C1yAn|2-chloor-4-methylaniline
2ClAn|2-chlooraniline
2ClFol|2-chloorfenol
2ClTol|2-chloortolueen
2Cy12C3eal|2-methyl-2 propenal
2FyFol|2-fenylfenol
2HOxatzne|2-hydroxyatrazine
2HOxbenztazl|2-hydroxybenzothiazol
2HOxibpfn|2-hydroxyibuprofen
2NO2Fol|2-nitrofenol
2NO2pcsl|2-nitro-p-cresol
2Nafsfzr|2-naftaleensulfonzuur
2PFC6yC2a1sf|2-(perfluorhexyl)ethaan-1-sulfonzuur (6:2 FTS)
2benztazetol|2-benzothiazolethiol
2fenOxC2ol|2-fenoxyethanol
2iC3yFol|2-isopropylfenol
2ttC4yFol|2-tert-butylfenol
345TClAn|3,4,5-trichlooraniline
345TClFol|3,4,5-trichloorfenol
34DC1yFol|3,4-dimethylfenol
34DClAn|3,4-dichlooraniline
34DClFol|3,4-dichloorfenol
35DC1yFol|3,5-dimethylfenol
35DClAn|3,5-dichlooraniline
35DClFol|3,5-dichloorfenol
371115T4C1y1|3,7,11,15-tetramethyl-1hexadecanol
3Ao25DClbzez|3-amino-2,5-dichloor-benzoezuur
3C1yPppozr|3-(hydroxymethylfosfinoyl)propionzuur
3C1yidl|3-methylindool
3C1yprdne|3-methylpyridine
3C2y4C1yprl2|3-ethyl-4-methylpyrrol-2,5-dion
3C2yFol|3-ethylfenol
3C2yTol|3-ethyltolueen
3C5on|3-pentanon
3C7on|3-heptanon
3Cl4C1oxAn|3-chloor-4-methoxyaniline
3Cl4C1yAn|3-chloor-4-methylaniline
3Cl4C1yFyura|(3-chloor-4-methylfenyl)urea
3ClAn|3-chlooraniline
3ClC3e|3-chloorpropeen
3ClFol|3-chloorfenol
3ClTol|3-chloortolueen
3HOxcbfrn|3-hydroxycarbofuran
3ketcbfrn|3-ketocarbofuraan
3ttC4yFol|3-tertiair-butylfenol
3vn4C1yprl25|3-vinyl-4-methylpyrrool-2,5-dion
4-PFECHS|decafluor-4-(1,1,2,2,2-pentafluorethyl)cyclohexaansulfonzuur
41HOx1C1yC2y|4-(1-hydroxy-1-methylethyl)-acetofenon
42FTOH|2-(Perfluorbutyl)ethanol
42monoPAP|4:2 fluortelomerfosfaatmonoester
44DClbzfnn|4,4'-dichloorbenzofenon
44DDD|4,4'-dichloordifenyldichloorethaan
44DDE|4,4'-dichloordifenyldichlooretheen
44DDT|4,4'-dichloordifenyltrichloorethaan
44sulfnDFol|4,4'-sulfonyldifenol
45DCl2C8y2Hi|4,5-dichloor-2-octyl-2H-isothiazool-3-on
4C1y2C5on|4-methyl-2-pentanon (MIBK)
4C2yFol|4-ethylfenol
4C2yTol|4-ethyltolueen
4C7on|4-heptanon
4C9yFol|4-nonylfenol
4CPA|4-chloorfenoxyazijnzuur
4Cl2NO2An|4-chloor-2-nitroaniline
4Cl3C1yFol|4-chloor-3-methylfenol
4ClAn|4-chlooraniline
4ClFol|4-chloorfenol
4ClTol|4-chloortolueen
4HoxDcfnc|4'-hydroxydiclofenac
4NO2Fol|4-nitrofenol
4Ooifrn|4-oxoisoforon
4cumFol|4-cumylfenol
4formAoatprn|4-formylaminoantipyrine
4ttC4yccC6on|4-tert-butylcyclohexanon
4ttC8yFol|4-tertiair-octylfenol
5677aT4H447a|5,6,7,7a-tetrahydro-4,4,7a-trimethyl-2-benzofuranon
5C1yT4lne|5-methyltetralin
5HDbenzbfazp|5H-dibenz[b,f]azepine
5S1C1y53prdn|(5S)-1-methyl-5-(3-pyridinyl)-2-pyrrolidinon
6all4C1ox13B|6-allyl-4-methoxy-1,3-benzodioxol
7C1ycmrn|7-methylcoumarin
8-HPA|8-hydroxypennelic acid
9-Cl-PF3ONS|9-chloorhexadecaanfluor-3-oxanon-1-sulfonzuur
ADBI|celestolide
ADONA|ammonium 4,8-dioxa-3H-perfluornonanoaat
AHMI|5-acetyl-1,1,2,3,3,6-hexamethylindaan
AHTN|tonalide
AMPA|aminomethylfosfonzuur
ANNA|Anabaena
ANNO|Anabaenopsis
APNI|Aphanizomenon
ATCD|acetylcedreen
ATTI|traseolide
AcNe|acenafteen
AcNy|acenaftyleen
Ag|zilver
Ag110m|zilver 110m (metastabiel)
Al|aluminium
Am241|americium 241
Ant|antraceen
Aocb|aminocarb
Aofnzn|aminofenazon
Aoprld|aminopyralid
As|arseen
Au|goud
B|boor
BADGT|Badgast
BEZ|Bezinksel
BHT|butylhydroxytolueen (BHT)
BIOMSA|Biomassa
BISADPT|bis(2-ethylhexyl)adipaat
BOOMLG|Boomlaag
BOTLME|Botulisme
BZV5|Biochemisch zuurstofverbruik over 5 dagen
BZV5a|Biochemisch zuurstofverbruik met allylthioureum
Ba|barium
BaA|benzo(a)antraceen
BaP|benzo(a)pyreen
BbF|benzo(b)fluorantheen
Be|beryllium
Be7|beryllium 7
BeP|benzo(e)pyreen
Ben|benzeen
BghiPe|benzo(ghi)peryleen
Bi|bismut
BjF|benzo(j)fluorantheen
BkF|benzo(k)fluorantheen
Br|bromide
BrBen|broombenzeen
BrC1a|broommethaan
BrClHAc|broomchloorazijnzuur
BrDClHAc|broomdichloorazijnzuur
BrHAc|broomazijnzuur
BrO3|bromaat
BrOxnOcnat|broomoxynil-octanoaat
BrOxnl|broomoxynil
BrTClC1a|broomtrichloormethaan
Brccn|bromocyclen
Brpplt|broompropylaat
C10a|decaan
C14C18C16C18|C14-C18 en C16-C18 onverzadigd alkylamine-ethoxylaat
C15azr|pentadecaanzuur
C1atol|methaanthiol
C1ol|methanol
C1oxCl|methoxychloor
C1oxfnzde|methoxyfenozide
C1y1Hbztazl|methyl-1H-benzotriazool
C1y4Bractact|methyl-4-broomacetoacetaat
C1yAoC3yHxSA|N-[3-(Dimethylamino)Propyl]Tridecafluorhexaansulfonamide
C1yBrfs|methylbromofos
C1yC4yat|methylbutylaat
C1yClprfs|methylchloorpyrifos
C1yDHjasmnt|methyldihydrojasmonaat
C1yFysfn|methylfenylsulfon
C1yOxdmtn|methyloxydemeton
C1yactt|methylacetaat
C1yazfs|methylazinfos
C1ydesFyClid|methyl-desfenylchloridazon
C1yfpp|methylflamprop
C1yitoCN|methylisothiocyanaat
C1ymsfrn|methyl-metsulfuron
C1ymtclt|methylmethacrylaat
C1yprmfs|methylpirimifos
C1yprton|methylparathion
C1yttC4yEtr|methyl-tertiair-butylether
C2OH|ethanol
C2atol|ethaanthiol
C2e|etheen
C2oxC2yactt|ethoxyethylacetaat
C2oxsfrn|ethoxysulfuron
C2y2C1yBensf|ethyl-2-methylbenzeensulfonamide
C2y44DClbzlt|ethyl-4,4'-dichloorbenzilaat
C2yAe|ethylamine
C2yBen|ethylbenzeen
C2yBrfs|ethylbromofos
C2yClprfs|ethylchloorpyrifos
C2yactt|ethylacetaat
C2yazfs|ethylazinfos
C2yeO|ethyleenoxide
C2yetourum|ethyleenthioureum
C2yprmfs|ethylpirimifos
C2yprton|ethylparathion
C3ol|propanol
C4ol|butanol
C4yBen|butylbenzeen
C4yBensfAd|butylbenzeensulfonamide
C4yactt|butylacetaat
C4yat|butylaat
C5a|pentaan
C5al|pentanal (n-valeraldehyde)
C6a|hexaan
C6azr|hexaanzuur
C7a|heptaan
C8a|octaan
C9a|nonaan
C9azr|nonaanzuur
C9yFol|nonylfenol
CATCANBTRDLG|Categorie Cyanobacteriedrijflaag
CFK11|trichloorfluormethaan
CFK113|1,1,2-trichloor-1,2,2-trifluorethaan
CFK12|dichloordifluormethaan
CHLFa|chlorofyl-a
CHLFb|chlorofyl-b
CN|cyanide
CNazne|cyanazine
CNgandne|cyaanguanidine
CNuzr|cyanuurzuur
CNvrij|cyanide-vrij
CO2|kooldioxide
CO3|carbonaat
CS2|koolstofdisulfide
CUSP|Cuspidothrix
CYANBTRDLG|Cyanobacteriedrijflaag
CYLI|Cylindrospermopsis
CZV|Chemisch zuurstofverbruik
Ca|calcium
CaCO3|calciumcarbonaat
Canorg|koolstof anorganisch
Cd|cadmium
Ce|cerium
Ce144|cerium 144
Chr|chryseen
Cl|chloride
ClAeT|chlooramine-T
ClBen|chloorbenzeen
ClC1a|chloormethaan
ClC2a|chloorethaan
ClC2e|chlooretheen (vinylchloride)
ClC3yat|chloorpropylaat
ClHAc|chloorazijnzuur
ClOxnl|chlooroxynil
ClT4ccne|chloortetracycline
Clafncl|chlooramfenicol
Clbfm|chloorbufam
Clbmrn|chloorbromuron
Clbsde|chloorbenside
Cldn|chloordaan
Clfapr|chloorfenapyr
Clfazrn|chloorfluazuron
Clfsn|chloorfenson
Clfvfs|chloorfenvinfos
Clidzn|chloridazon
Clmfs|chloormefos
ClmqCl|chloormequatchloride
Cloxrn|chlooroxuron
Clpfm|chloorprofam
Clsfrn|chloorsulfuron
CltaAd|chloorthiamide
Cltlnl|chloorthalonil
Cltlrn|chloortoluron
Co|kobalt
Co58|kobalt 58
Co60|kobalt 60
Corg|koolstof organisch
CoxC1yTC8yOH|Carboxymethyldimethyl-3-[[(3,3,4,4,5,5,6,6,7,7,8,8,8-tridecafluoroctyl)sulfonyl]amino]propylammonium
Cr|chroom
CrVI|chroom (zeswaardig)
Cs|cesium
Cs134|cesium 134
Cs137|cesium 137
Cu|koper
DBahAnt|dibenzo(a,h)antraceen
DBrC1a|dibroommethaan
DBrClC1a|dibroomchloormethaan
DBrClHAc|dibroomchloorazijnzuur
DBrHAc|dibroomazijnzuur
DC1oxC1a|dimethoxymethaan
DC1yAe|dimethylamine
DC1yDS|dimethyldisulfide
DC1yFt|dimethylftalaat
DC1yS|dimethylsulfide
DC1yfAd|dimethylformamide
DC1ysAd|dimethylsulfamide
DC2yEtr|diethylether
DC2yFt|diethylftalaat
DC2yegcl|diethyleenglycol
DC3yFt|dipropylftalaat
DC4yFt|dibutylftalaat
DC4ySn|dibutyltin (kation)
DC5yFt|dipentylftalaat
DC6yFt|dihexylftalaat
DC7yFt|diheptylftalaat
DC8yFt|dioctylftalaat
DC9yFt|dinonylftalaat
DClBrC1a|dichloorbroommethaan
DClC1a|dichloormethaan
DClHAc|dichloorazijnzuur
DClfn|dichloorfeen
DClppP|dichloorprop-P
DClvs|dichloorvos
DDPA|verdyl acetaat
DEELMSR|Deelmonster
DEET|diethyltoluamide
DEHP|bis(2-ethylhexyl)ftalaat (DEHP)
DFyAe|difenylamine
DFySn|difenyltin (kation)
DIERSR|Dierenspoor
DMST|4-dimethylaminosulfotoluidide
DNOC|4,6-dinitro-o-cresol
DOLIC1|Dolichospermum [1]
DONA|trifluor-3-(hexafluor-3-(trifluormethoxy)propoxy)propaanzuur
DOacb|dioxacarb
DOxbzfs|dioxabenzofos
DOxton|dioxathion
DPMI|cashmeran
DRAADAGN|Draadalgen
DRIJFBPTN|Drijfbladplanten
DS|Droge stof
DTPA|di-ethyleentriaminepentaazijnzuur (DTPA)
Dalfs|dialifos
Dalt|diallaat
Daznn|diazinon
Dbzfrn|dibenzofuran
Dcba|dicamba
Dcbnl|dichlobenil
Dcbtzl|diclobutrazool
DccC6yFt|dicyclohexylftalaat
DccC6ySn|dicyclohexyltin (kation)
DccPeDen|dicyclopentadieen
DcfC1y|diclofop-methyl
Dcfande|dichlofluanide
Dcfl|dicofol
Dcfton|dichlofenthion
Dclofnc|diclofenac
Dcloxclne|dicloxacilline
Dctfs|dicrotofos
Detfcb|diethofencarb
DettC2y|diethatylethyl
DfAd|difenamide
Dfbzrn|diflubenzuron
Dffncn|diflufenican
Dfncm|difenacoum
Dfncnzl|difenoconazool
Dfnxrn|difenoxuron
Dfturn|diafenthiuron
Dfysfn|difenylsulfon
Dfzqt|difenzoquat
DiC3yEtr|diisopropylether
DiC3yFt|diisopropylftalaat
DiC4yFt|diisobutylftalaat
Dikglc|dikegulac
DmTdzl|dimetridazol
Dmfrn|dimefuron
DmtAd|dimethenamide
DmtCl|dimethachloor
Dmtat|dimethoaat
Dmtmf|dimethomorf
DmtnmdC2asfz|dimethenamid ethaansulfonzuur
DmtnmdP|dimethenamid-P
Dmtrml|dimethirimol
Dmxsbne|dimoxystrobine
Dnbtn|dinobuton
Dncnzl|diniconazool
Dncp|dinocap
Dnsb|dinoseb
Dntb|dinoterb
Dntfrn|dinotefuran
Dpyrdml|dipyridamol
DqBr|diquatdibromide
DqDBrH2O|diquatdibromide-monohydraat
Dqt|diquat
Dsftn|disulfoton
Dsftsfn|disulfoton-sulfon
Dtann|dithianon
Dtlfs|ditalimfos
Durn|diuron
Dy|dysprosium
E-mfmzn|E-metaflumizon
E-nitprm|E-nitenpyram
EDTA|ethyleendiaminetetraethaanzuur (EDTA)
EMSPTN|Emerse planten
EPN|ethyl-p-nitrofenylthiobenzeenfosfonaat
EPTC|ethyldipropylthiocarbamaat
ETCB|sandacanol
E_COLI|Escherichia coli
Er|erbium
EtFOSA|N-ethyl perfluoroctaansulfonamide
EtFOSAA|perfluoroctaansulfonylamide(N-ethyl)azijnzuur
EtFOSE|N-ethylperfluoroctaansulfonamido-ethanol
Eu|europium
F|fluoride
FAECS|Faeces
FEOa|Feofytine a
FEOb|Feofytine b
FLAB|Flab (Floating Algae Beds)
FRD-903|2,3,3,3-tetrafluor-2-(heptafluorpropoxy)propionzuur
FYTPT|Fytoplankton
FYT_bloei13|Fytopl. - bloeisoort (13) Gonyostomum semen
Fe|ijzer
FeII|ijzer (tweewaardig)
FeIIIO|ijzer(III)oxide
Fen|fenantreen
Fle|fluoreen
Flu|fluorantheen
Fol|fenol
FolINDX|fenolindex
Fyactn|fenylaceton
GEUR|Geur
GLTR|Gloeotrichia
GR|Gloeirest
GROTDBPTN|Grote drijfbladplanten
Ga|gallium
Gd|gadolinium
Ge|germanium
H-PFC10asfzr|2-(perfluoroctyl)ethaan-1-sulfonzuur (8:2 FTS)
H-PFC12asfzr|1H,1H,2H,2H-perfluordodecaansulfonzuur (10:2 FTS)
H-PFC6asfzr|2-(perfluorbutyl)ethaan-1-sulfonzuur (4:2 FTS)
H-PFUdA|2H,2H,3H,3H-perfluorundecaanzuur
H2O2|waterstofperoxide
H3|tritium
HAc|azijnzuur
HBCD|som HBCD (technisch mengsel, niet-gespecif. broom-posities)
HCB|hexachloorbenzeen
HCFK21|dichloorfluormethaan
HCO3|waterstofcarbonaat
HCltazde|hydrochloorthiazide
HHCB|hexahydrohexamethylcyclopentabenzopyran (HHCB)
HPFHpA|7H-perfluorheptaanzuur
HTI|4-hydroxy-2,5,6-trichloorisoftalonitril
HYBDVS|Hybride vis
Hf|hafnium
Hg|kwik
Hg203|kwik 203
Ho|holmium
HpCl|heptachloor
HxBrBen|hexabroombenzeen
HxC1yeT4Ae|hexamethyleentetramine (Urotropine)
HxClC2a|hexachloorethaan
HxClbtDen|hexachloorbutadieen
Hxcnzl|hexaconazool
Hxfmrn|hexaflumuron
HxkC1oxC1yml|hexakis(methoxymethyl)melamine
Hxznn|hexazinon
I131|jodium 131
IJSDK|IJsdek
INTTNLETRCCN|Intestinale enterococcen
In|indium
In111|indium 111
InP|indeno(1,2,3-cd)pyreen
IppnC4ycbmt|joodpropynylbutylcarbamaat
Isfrn|jodosulfuron
IsfrnC1y|jodosulfuron-methyl
IsfrnC1yNa|jodosulfuron-methyl-natrium
K|kalium
K40|kalium 40
KLEUR|Kleur
KROOS|Kroos
KRUIDLG|Kruidlaag
KWD_VGTTBK|Kweldervegetatie(zone) - brak
KWD_VGTTHG|Kweldervegetatie(zone) - hoog
KWD_VGTTLG|Kweldervegetatie(zone) - laag
KWD_VGTTMDN|Kweldervegetatie(zone) - midden
KWD_VGTTPONR|Kweldervegetatie(zone) - pionier
KWD_VGTTRT|Kweldervegetatie(zone) - riet
KWD_VGTTZKK|Kweldervegetatie(zone) - zeekweek
KWELDR|Kwelder
KWELIDCTE|Kwelindicatie
LEGONLA|Legionella
LIMNO|Limnothrix
L_PFBS|perfluorbutaansulfonzuur
L_PFDS|perfluor-1-decaansulfonzuur
L_PFHpS|perfluor-1-heptaansulfonzuur
L_PFHxS|perfluorhexaansulfonzuur
La|lanthaan
Li|lithium
Lu|lutetium
Lu177|lutetium 177
M2C2yC6yC6aD|mono-(2-ethylhexyl)-hexaandioaat
MACFN|Macrofauna
MC-LF|microcystine-LF
MC-LR|microcystine-LR
MC-LW|microcystine-LW
MC-LY|microcystine-LY
MC-RR|microcystine-RR
MC-YR|microcystine-YR
MC1yAe|monomethylamine
MC4ySn|monobutyltin (kation)
MCPA|2-methyl-4-chloorfenoxyazijnzuur
MCPB|2-methyl-4-chloorfenoxyboterzuur
MCPP|mecoprop
MFT_BIES|Macrofyten - soorten bies
MFySn|monofenyltin (kation)
MICY|Microcystis
MOSLG|Moslaag
Mctfs|monocrotofos
MeFBSAA|perfluorbutaansulfonylamide(N-methyl)azijnzuur
MeFOSA|N-methyl perfluoroctaansulfonamide
MeFOSE|N-methylperfluoroctaansulfonamido-ethanol
Mg|magnesium
Mlnrn|monolinuron
Mn|mangaan
Mn54|mangaan 54
Mo|molybdeen
Mo99|molybdeen 99
N-MeFOSAA|N-methylperfluoroctaan sulfonamidoazijnzuur
NC1yPFC4asfA|N-methylperfluorbutaansulfonamide
NC2y4C1yBens|N-ethyl-4-methylbenzeensulfonamide
NH3|ammoniak
NH4|ammonium
NKj|stikstof Kjeldahl
NNDC2yAn|N,N-diethylaniline
NNDC4yfAd|N,N-dibutylformamide
NO2|nitriet
NO2fn|nitrofen
NO3|nitraat
NPEO1|nonylfenolmonoethoxylaat
NPEO2|nonylfenoldiethoxylaat
NTA|nitrilotriazijnzuur (NTA)
NTOXSBVMGBAG|Niet-toxische bolvormige blauwalgen (chroococcales)
NTOXSDVMGBAG|Niet-toxische draadvormige blauwalgen
Na|natrium
Na22|natrium 22
Naccmt|natriumcyclamaat
Nact4Aoatprn|N-acetyl-4-aminoantipyrine
Naf|naftaleen
Nanorg|stikstof anorganisch
Nb|niobium
NbzNC1y1FyC1|N-benzyl-N-methyl-1-phenylmethanamine
Nd|neodymium
Ni|nikkel
Norg|stikstof organisch
Ntot|stikstof totaal
O2|zuurstof
OEVBSIG|Oeverbeschoeiing
OEVPTN|Oeverplanten
OLE|Olie
OS|Onopgeloste stoffen
OSCL|Oscillatoria [1]
OSTOF|Organisch stof
OTNE|amberonne
OaDazn|oxadiazon
OaDxl|oxadixyl
Oaclne|oxacilline
OamOxme|oxamyl-oxime
Oaml|oxamyl
Oasfrn|oxasulfuron
Oatapplne|oxathiapiproline
OcC1yT4slxn|octamethyltetrasiloxaan
OcC1yccT4slx|octamethylcyclotetrasiloxaan
Oolnzr|oxolinezuur
OxBenzn|oxybenzone
OxFfn|oxyfluorfen
OxT4ccnHCl|oxytetracycline hydrochloride
OxT4ccne02|oxytetracycline
OxcbOxn|oxycarboxin
Oxcznde|oxyclozanide
Oxmtzlne|oxymetazoline
Oxprnl|oxypurinol
PBDE100|2,2',4,4',6-pentabroomdifenylether
PBDE119|2,3',4,4',6-pentabroomdifenylether
PBDE138|2,2',3,4,4',5'-hexabroomdifenylether
PBDE153|2,2',4,4',5,5'-hexabroomdifenylether
PBDE154|2,2',4,4',5,6'-hexabroomdifenylether
PBDE183|2,2',3,4,4',5',6-heptabroomdifenylether
PBDE209|2,2',3,3',4,4',5,5',6,6'-decabroomdiphenylether
PBDE28|2,4,4'-tribroomdifenylether
PBDE47|2,2',4,4'-tetrabroomdifenylether
PBDE49|2,2',4,5'-tetrabroomdifenylether
PBDE66|2,3',4,4'-tetrabroomdifenylether
PBDE71|2,3',4',6-tetrabroomdifenylether
PBDE75|2,4,4',6-tetrabroomdifenylether
PBDE85|2,2',3,4,4'-pentabroomdifenylether
PBDE99|2,2',4,4',5-pentabroomdifenylether
PC2al|polyethanal
PCB101|2,2',4,5,5'-pentachloorbifenyl
PCB105|2,3,3',4,4'-pentachloorbifenyl
PCB114|2,3,4,4',5-pentachloorbifenyl
PCB118|2,3',4,4',5-pentachloorbifenyl
PCB123|2,3',4,4',5'-pentachloorbifenyl
PCB126|3,3',4,4',5-pentachloorbifenyl
PCB137|2,2',3,4,4',5-hexachloorbifenyl
PCB138|2,2',3,4,4',5'-hexachloorbifenyl
PCB153|2,2',4,4',5,5'-hexachloorbifenyl
PCB156|2,3,3',4,4',5-hexachloorbifenyl
PCB157|2,3,3',4,4',5'-hexachloorbifenyl
PCB167|2,3',4,4',5,5'-hexachloorbifenyl
PCB169|3,3',4,4',5,5'-hexachloorbifenyl
PCB180|2,2',3,4,4',5,5'-heptachloorbifenyl
PCB189|2,3,3',4,4',5,5 '-heptachlorobifenyl
PCB28|2,4,4'-trichloorbifenyl
PCB52|2,2',5,5'-tetrachloorbifenyl
PCB77|3,3',4,4'-tetrachloorbifenyl
PCB81|3,4,4',5-tetrachlorobifenyl
PCDD48|2,3,7,8-tetrachloordibenzo-p-dioxine
PCDD54|1,2,3,7,8-pentachloordibenzo-p-dioxine
PCDD66|1,2,3,4,7,8-hexachloordibenzo-p-dioxine
PCDD67|1,2,3,6,7,8-hexachloordibenzo-p-dioxine
PCDD70|1,2,3,7,8,9-hexachloordibenzo-p-dioxine
PCDD73|1,2,3,4,6,7,8-heptachloordibenzo-p-dioxine
PCDD75|1,2,3,4,6,7,8,9-octachloordibenzo-p-dioxine
PCDF112|2,3,4,6,7-pentachloordibenzofuraan
PCDF114|2,3,4,7,8-pentachloordibenzofuraan
PCDF118|1,2,3,4,7,8-hexachloordibenzofuraan
PCDF121|1,2,3,6,7,8-hexachloordibenzofuraan
PCDF124|1,2,3,7,8,9-hexachloordibenzofuraan
PCDF130|2,3,4,6,7,8-hexachloordibenzofuraan
PCDF131|1,2,3,4,6,7,8-heptachloordibenzofuraan
PCDF134|1,2,3,4,7,8,9-heptachloordibenzofuraan
PCDF135|1,2,3,4,6,7,8,9-octachloordibenzofuraan
PCDF83|2,3,7,8-tetrachloordibenzofuraan
PCDF94|1,2,3,7,8-pentachloordibenzofuraan
PF1DSA|Perfluor-1-decaansulfonamide
PF37DC1yOA|perfluor-3,7-dimethyloctaanzuur
PFBA|perfluorbutaanzuur
PFC16azr|perfluorhexadecaanzuur
PFC18azr|perfluoroctadecaanzuur
PFC4asfAd|perfluorbutaansulfonamide
PFC5asfzr|perfluor-1-pentaansulfonzuur
PFC9asfzr|perfluornonaan-1-sulfonzuur
PFDA|perfluordecaanzuur
PFDHpA|perfluor-3,6-dioxaheptaanzuur
PFDPA|perfluordecylfosfonzuur
PFDoA|perfluordodecaanzuur
PFDoAS|perfluordodecaansulfonzuur
PFEES|perfluor(2-ethoxyethaan)sulfonzuur
PFHpA|perfluorheptaanzuur
PFHxA|perfluorhexaanzuur
PFHxSA|perfluorhexaansulfonamide
PFMBA|perfluor-4-methoxybutaanzuur
PFMPrA|perfluor-3-methoxypropaanzuur
PFNA|perfluornonaanzuur
PFOA|perfluoroctaanzuur
PFOPA|perfluoroctylfosfonzuur
PFOS|perfluoroctaansulfonzuur (lineair)
PFOSA|perfluoroctaansulfonamide
PFPA|perfluorpentaanzuur
PFPeDA|perfluorpentadecaanzuur
PFTDA|perfluortridecaanzuur
PFTDAS|perfluortridecaansulfonzuur
PFTeDA|perfluortetradecaanzuur
PFUdA|perfluorundecaanzuur
PFUdAS|perfluorundecaansulfonzuur
PFdC1yDOxazr|Perfluor-2,5-dimethyl-3,6-dioxanonaanzuur
PHOI|Phormidium [1]
PLAN|Planktothrix
PO4|fosfaat
POELSK|Poelslak
PSEUDA|Pseudanabaena
Pb|lood
Pd|palladium
PeClAn|pentachlooraniline
PeClBen|pentachloorbenzeen
PeClFol|pentachloorfenol
PeClNO2Ben|pentachloornitrobenzeen (quintozeen)
PeClansl|pentachlooranisol
PenCl|pentanochloor
Po210|polonium 210
Pr|praseodymium
Pt|platina
Ptot|fosfor totaal
Pu239|plutonium 239
Pu240|plutonium 240
Pyr|pyreen
RESTBTA|Rest Beta
RISCNVCANBTR|Risiconiveau cyanobacteriën
Ra226|radium 226
Ra228|radium 228
Rb|rubidium
Ru103|ruthenium 103
Ru106|ruthenium 106
S|sulfide
SCHUIM|Schuim
SO4|sulfaat
STRUIKLG|Struiklaag
SUBMSPTN|Submerse planten
SUBST|Substraat
Sb|antimoon
Sb122|antimoon 122
Sb124|antimoon 124
Sb125|antimoon 125
Sc|scandium
Se|seleen
Si|silicium
SiO2|siliciumdioxide
Sm|samarium
SmtlCl|S-metolachloor
Sn|tin
Sr|strontium
Sr89|strontium 89
Sr90|strontium 90
Stot|zwavel totaal
T2ClC2yPO4|tri(2-chloorethyl)fosfaat
T4C1yBen|tetramethylbenzeen
T4C4ySn|tetrabutyltin
T4ClC1a|tetrachloormethaan (tetra)
T4ClC2a|tetrachloorethaan
T4ClC2e|tetrachlooretheen (per)
T4Clvfs|tetrachloorvinfos (mixed isomeren)
T4Dfn|tetradifon
T4Hflmde|tetrahydroftaalimide
T4Hfrn|tetrahydrofuraan
T4ccne|tetracycline
T4cnzl|tetraconazool
T4cycnHCl|tetracycline hydrochloride
T4mtn|tetramethrin
T4sl|tetrasul
TAED|tetraacetylethyleendiamine
TBrC1a|tribroommethaan
TBrHAc|tribroomazijnzuur
TC1yAe|trimethylamine
TC1yPO4|trimethylfosfaat
TC1yegcl|trimethyleenglycol (1,3-propyleenglycol)
TC2yAe|triethylamine
TC2yPO4|triethylfosfaat
TC2ycitt|triethylcitraat
TC2yegcl|triethyleenglycol
TC4yPO4|tributylfosfaat
TC4ySn|tributyltin (kation)
TC4yactcitt|tributylacetylcitraat
TClBen|trichloorbenzeen
TClC1a|trichloormethaan (chloroform)
TClC2e|trichlooretheen (tri)
TClC3yPO4|tris(1-chloor-2-propyl)fosfaat
TClHAc|trichloorazijnzuur
TClfn|trichloorfon
TClnt|trichloronaat
TEGDME|tetraethyleenglycoldimethylether
TFHAc|trifluorazijnzuur
TFlC1asfzr|trifluormethaansulfonzuur
TFyPO4|trifenylfosfaat
TFySn|trifenyltin (kation)
TFyffnS|trifenylfosfinesulfide
THAUMTPPCSNA|Thaumetopoea processionea
THERMTLRTCLS|Thermotolerante Coli's (incubatie bij 44 C)
TOTAFA|Totaal Alfa
TOTBTA|Totaal Beta
TOTCLS|Totaal Coli's (incubatie bij 37 C)
TPPO|trifenylfosfineoxide
TRICBHZA|Trichobilharzia
Ta|tantalium
Tadmfn|triadimefon
Tadmnl|triadimenol
Talt|triallaat
Tamfs|triamifos
Taptnl|triapentenol
Tasfrn|triasulfuron
Tazfs|triazofos
Tazmt|triazamaat
Tb|terbium
TbnrC1y|tribenuronmethyl
Tc99|technetium 99
Tc99m|technetium 99m (metastabiel)
Tcbdzl|triclabendazool
TccC6ySn|tricyclohexyltin (kation)
Tccbn|triclocarban
Tcczl|tricyclazool
Tcfndne|trichlofenidine
Tcpr|triclopyr
Tcsn|triclosan
Te|tellurium
Tetzne|trietazine
Tfmf|trifenmorf
Tfmrn|triflumuron
Tfmzl|triflumizool
Tfrlne|trifluraline
Tfrne|triforine
TfsfrnC1y|triflusulfuron-methyl
Tfxsbn|trifloxystrobin
Th|thorium
Th232|thorium 232
Ti|titaan
TiC4yPO4|triisobutylfosfaat
Tl|thallium
Tl201|thallium 201
Tm|thulium
Tmtcb|trimethacarb
Tmtpm|trimethoprim
TnxpcC2y|trinexapac-ethyl
Tol|tolueen
Ttcnzl|triticonazool
TttC4yC1ol|tri-tert-butylmethanol
U|uranium
U238|uranium 238
V|vanadium
VEGTTE|Vegetatie
VERORNGG|Verontreiniging
VET|Vet
VISSN|Vissen
VOGL|Vogel
VUIL|Vuil
W|wolfraam
WATPTN|Waterplanten
WORO|Woronichinia
XMC|3,5-xylylmethylcarbamaat
Y|yttrium
Yb|ytterbium
Z-mfmzn|Z-metaflumizon
ZOOPT|Zooplankton
ZWEMMJK|Zwemmersjeuk
Zn|zink
Zn65|zink 65
Zr|zirkonium
aC1ysrn|alfa-methylstyreen
aClfvfs|alfa-chloorfenvinfos
aHBCD|alfa-hexabroomcyclododecaan
aHCH|alfa-hexachloorcyclohexaan
abmtne|abamectine
acbzlSC1y|acibenzolar-S-methyl
acdne|acridine
acft|acefaat
acnfn|aclonifen
acntn|acrinathrin
acpmtn|alfa-cypermethrin
acqncl|acequinocyl
acsfm|acesulfaam
acsfmeK|acesulfame K
actmpd|acetamiprid
actn|aceton
actntl|acetonitril
actsfmtozl|acetylsulfamethoxazol
aedsfn|alfa-endosulfan
afencactt|alfa-fenchylacetaat
aiC1yionn|alfa-isomethylionon
alCl|alachloor
alDcSO|aldicarbsulfoxide
alDcb|aldicarb
alDcsfn|aldicarbsulfon
aldn|aldrin
allmctn|allylmercaptaan
alltn|allethrin
alncb|alanycarb
amdTzinzr|amidotrizoïnezuur
amdsfrn|amidosulfuron
amodne|amiodarone
amsbm|amisulbrom
amspde|amisulpride
amtdne|amantadine
amtl|amitrol
amtn|ametryn
amttdn|ametoctradin
amtz|amitraz
amxclne|amoxicilline
anHertmcne|anhydro-erythromycine
anlzne|anilazine
antcnn|antrachinon
asbt|asbest
aslm|asulam
asprne|aspirine
asptm|aspartaam
atnll|atenolol
attn|atraton
atvttne|atorvastatine
atzne|atrazine
avBenzn|avobenzone
azBen|azobenzeen
azacnzl|azaconazool
azdrtn|azadirachtin
azmtfs|azamethifos
azoxsbn|azoxystrobin
azptn|aziprotryn
azsfrn|azimsulfuron
aztmcne|azitromycine
bClfvfs|beta-chloorfenvinfos
bHBCD|beta-hexabroomcyclododecaan
bHCH|beta-hexachloorcyclohexaan
bHpClepO|beta-heptachloorepoxide
bapOxT4ccne|beta-apo-oxytetracycline
barbn|barban
bedsfn|beta-endosulfan
benDocb|bendiocarb
benfn|benefin
benlxl|benalaxyl
benlxlM|benalaxyl-M
benml|benomyl
benodnl|benodanil
bensfrnC1y|bensulfuron-methyl
bentavlcbiC3|benthiavalicarb-isopropyl
bentzn|bentazon
benzC4yFt|benzylbutylftalaat
benzCl|benzylchloride
benzadnne|benzyladenine
benzcine|benzocaine
benzdne|benzidine
benzfnn|benzofenon
benzlnC2y|benazolin-ethyl
benzmctn|benzylmercaptaan
benztazl|benzothiazool
benzvdfpr|benzovindiflupyr
benzxmt|benzoximaat
benzyppC2y|benzoylprop-ethyl
betxll|betaxolol
bezafbt|bezafibraat
bfnx|bifenox
biFy|bifenyl
bifnzt|bifenazaat
biftn|bifenthrin
binpcl|binapacryl
bis2C1oxC2yE|bis(2-methoxyethyl)ether
bisFolA|bisfenol-A
bisFolF|2,2'-methyleendifenol
bisPFC10yPO4|bisperfluordecylwaterstoffosfaat (8:2 diPAP)
bispll|bisoprolol
bittnl|bitertanol
bixfn|bixafen
boscld|boscalid
botzr|boterzuur
brodfcm|brodifacum
bromcl|bromacil
bromcnzl|bromuconazool
bromdoln|bromadiolon
bromxnbtrt|bromoxynil butyraat
bupfzn|buprofezin
buprmt|bupirimaat
butCl|butachloor
butcbOxm|butocarboxim
butcbOxmSO|butocarboximsulfoxide
butcbOxmsfn|butocarboximsulfon
butln|butralin
butrn|buturon
c12DClC2e|cis-1,2-dichlooretheen
c12DClC3e|cis-1,2-dichloorpropeen
c13DClC3e|cis-1,3-dichloorpropeen
cCldn|cis-chloordaan
cF16C10ezr|cis-hexadecafluor-2-deceenzuur
cHBCD|gamma-hexabroomcyclododecaan
cHCH|gamma-hexachloorcyclohexaan (lindaan)
cHpClepO|cis-heptachloorepoxide
cT4Clvfs|cis-tetrachloorvinfos (Z-isomeer)
cadsfs|cadusafos
caffine|caffeine
camfr|camfor
candstn|candesartan
captabne|capectiabine
captfl|captafol
captn|captan
carbOxn|carboxin
carbdx|carbadox
carbdzm|carbendazim
carbfnton|carbofenothion
carbfrn|carbofuran
carbmzpn1011|carbamazepine 10,11-epoxide
carbmzpne|carbamazepine
carbrl|carbaryl
carbsfn|carbosulfan
carbtAd|carbetamide
carftznC2y|carfentrazon-ethyl
carpfn|carprofen
carppAd|carpropamide
carvn|carvon
ccC5a|cyclopentaan
cefrxm|cefuroxim
ceftxme|cefotaxime
cefzlne|cefazoline
celcxb|Celecoxib
cetrzne|cetirizine
chloftzn|chlofentezin
chloratnlpl|chlorantraniliprole
chlozlnt|chlozolinaat
cibgn4|C.I. Basic Green 4
cindnC2y|cinidon-ethyl
cipfxcne|ciprofloxacine
citlpm|citalopram
clartmcne|claritromycine
cldcne|chloordecone
clenbtrl|clenbuterol
cletdm|clethodim
clindmcne|clindamycine
clmqat|chloormequat
clodnfp|clodinafop
clodnfppgl|clodinafop-propargyl
clofbnzr|clofibrinezuur
clofbt|clofibraat
clomzn|clomazon
clopdl|clopidol
cloprld|clopyralid
cloqtcmxl|cloquintoceet-mexyl
clotandne|clothianidine
clotmzl|clotrimazol
cloxclne|cloxacilline
clozpne|clozapine
cltDC1y|chloorthal-dimethyl
cltofs|chloorthiofos
cltofsfn|chloorthiofos-sulfon
clxlnl|chloorxylenol
cmevfs|cis-mevinfos
cortsn|cortison
coumttll|coumatetralyl
cpermtn|cis-permethrin
cpyrfnx|cis-pyrifenox
crfmt|crufomaat
crimdne|crimidine
crotmtn|crotamiton
cumfs|cumafos
cumn|cumeen
cyanffs|cyanofenfos
cyanfs|cyanofos
cyatnlple|cyantraniliprole
cyazfAd|cyazofamide
cycC6a|cyclohexaan
cycC6e|cyclohexeen
cycat|cycloaat
cycffAd|cyclofosfamide
cycmt|cyclamaat
cycrn|cycluron
cycxdm|cycloxydim
cyffAd|cyflufenamide
cyfmtfn|cyflumetofen
cyftn|cyfluthrin
cyhlfC4y|cyhalofop-butyl
cyhltn|cyhalothrin
cymOanl|cymoxanil
cymazl|cymiazool
cypcnzl|cyproconazool
cypdnl|cyprodinil
cypfrm|cyprofuram
cypmtn|cypermethrin
cyrmzne|cyromazine
cytoat|cythioaat
dHCH|delta-hexachloorcyclohexaan
damnzde|daminozide
dapsn|dapson
dazmt|dazomet
demtSC1y|demeton-S-methyl
demtSC1ysfn|demeton-S-methylsulfon
demtnO|demeton-O
demtnS|demeton-S
desC2yatzne|desethylatrazine
desC2ytC4yaz|desethylterbutylazine
desFyClidzn|desfenylchloridazon
desiC3yatzne|desisopropylatrazine
desmdfm|desmedifam
desmtn|desmetryn
desvlfxne|desvenlafaxine
dexmtsn|dexamethason
diczrl|diclazuril
dieldn|dieldrin
dikglNa|dikegulac-natrium
dmMC-LR|7-desmethylmicrocystine-LR
dmMC-RR|7-desmethylmicrocystine-RR
dmtn|deltamethrin
dodmf|dodemorf
dodne|dodine
dormtne|doramectine
doxccne|doxycycline
doxccnhct|doxycycline hyclaat
eHCH|epsilon-hexachloorcyclohexaan
eTDazl|etridiazol
ecapltm|epsilon-caprolactam
edffs|edifenfos
emmtbzat|emamectin-benzoaat
emmtn|emamectin
endn|endrin
endsfSO4|endosulfansulfaat
endsfn|endosulfan (som alfa- en beta-isomeer)
enlpl|enalapril
enrfxcne|enrofloxacine
enxcne|enoxacine
epnmtn|eprinomectin
epxcnzl|epoxiconazool
ertmcne|erytromycine
esTol|estriol
esfvlrt|esfenvaleraat
etcnzl|etaconazool
etfmst|ethofumesaat
etfn|ethefon
etfpx|ethofenprox
etfs|etrimfos
etnetDol|ethinylestradiol
etofcb|ethiofencarb
etofcbSO|ethiofencarbsulfoxide
etofcbsfn|ethiofencarbsulfon
eton|ethion
etpfs|ethoprofos
etpl|ethiprol
etpsde|etoposide
etrml|ethirimol
etxcne|ethoxychine
etxzl|etoxazool
fOxm|foxim
famfr|famfur
famxdne|famoxadone
feNO2ton|fenitrothion
fecrzlC2y|fenchlorazool-ethyl
fenClfs|fenchloorfos
fenOxcb|fenoxycarb
fenamfSO|fenamifos-sulfoxide
fenamfs|fenamifos
fenarml|fenarimol
fenbcb|fenobucarb
fenbcnzl|fenbuconazool
fenbdzl|fenbendazol
fenbtSnO|fenbutatinoxide
fenctne|fenacitine
fenfbnzr|fenofibrinezuur
fenfbt|fenofibraat
fenfrm|fenfuram
fenhxAd|fenhexamide
fenmdfm|fenmedifam
fenmdn|fenamidon
fenmnsf|fenaminosulf
fenoxppP|fenoxaprop-P
fenpcnl|fenpiclonil
fenpcoamd|fenpicoxamid
fenpfn|fenoprofen
fenppdn|fenpropidin
fenppmf|fenpropimorf
fenprAe|fenpyrazamine
fenpratn|fenpropathrin
fenprxmt|fenpyroximaat
fenrn|fenuron
fensfton|fensulfothion
fentat|fenthoaat
fentn|fenothrin
fentoSO|fenthion-sulfoxide
fenton|fenthion
fentrl|fenoterol
fenvlrt|fenvaleraat
fenxppPC2y|fenoxaprop-P-ethyl
fenzn|fenazon (antipyrine)
fenzqn|fenazaquin
fipnl|fipronil
fipnsfn|fipronil-sulfon
flazsfrn|flazasulfuron
floncmd|flonicamid
florfncl|florfenicol
flrtmn|flurtamon
fluClaln|fluchloralin
fluOxpmtl|fluroxypyr-meptyl
fluTafl|flutriafol
fluacprm|fluacrypyrim
flualnt|fluvalinaat
fluazfC4y|fluazifop-butyl
fluazfPC4y|fluazifop-P-butyl
fluazfp|fluazifop
fluazfpP|fluazifop-P
fluaznm|fluazinam
flubDad|flubendiamide
flubdzle|flubendazole
flubzmne|flubenzimine
flucaclne|flucloxacilline
fluccxrn|flucycloxuron
flucnzl|fluconazol
fluctnt|flucythrinaat
fludoxnl|fludioxonil
flufnct|flufenacet
flufnxrn|flufenoxuron
flumoxzn|flumioxazin
flumqne|flumequine
flumtn|flumethrin
fluogcfnC2y|fluorglycofen-ethyl
fluomtrn|fluometuron
fluopclde|fluopicolide
fluoprm|fluopyram
fluoxsbn|fluoxastrobin
fluoxtne|fluoxetine
fluprdfrn|flupyradifuron
fluqcnzl|fluquinconazool
flurOxpr|fluroxypyr
flurcl|fluracil
flurcrdn|flurochloridon
flurlnr|Fluralaner
flurnC4y|flurenol-butyl
flurslm|florasulam
fluslzl|flusilazool
flutanl|Flutianil
flutlnl|flutolanil
fluxprxd|fluxapyroxad
folpt|folpet
fonfs|fonofos
forasfrn|foramsulfuron
formtnHCl|formetanaat-hydrochloride
formtnt|formetanaat
formton|formothion
forsfOxd|foraat-sulfoxide
forsfn|foraat-sulfon
fort|foraat
fosC2yAl|fosetyl-aluminium
fosfmdn|fosfamidon
fosln|fosalon
fosmOon|fosmet-oxon
fosmt|fosmet
fostazt|fosthiazaat
fostl|fosetyl
ftaalzrahdde|ftaalzuuranhydride
ftalmde|ftalimide
fubrdzl|fuberidazool
furlxl|furalaxyl
furmccx|furmecyclox
fursmde|furosemide
furtocb|furathiocarb
furzldn|furazolidon
fyccanne|fycocyanine
fytl|fytol
gabptne|gabapentine
gemctbne|gemcitabine
gemfbzl|gemfibrozil
gentocb|fenothiocarb
gentsnzr|gentisinezuur
glufsnt|glufosinaat
glufsntNH4|glufosinaat-ammonium
glycl|glycol (monoethyleenglycol)
glycrDactt|glyceroldiacetaat
glycrTactt|glyceroltriacetaat
glyfsnt|glyfosine
glyfst|glyfosaat
guanurum|guanylureum
halOxfC1y|haloxyfop-methyl
halOxfC2oxC2|haloxyfop-ethoxyethyl
halOxfPC1y|haloxyfop-P-methyl
halOxfp|haloxyfop
halaxfnC1y|halauxifen-methyl
halfnzde|halofenozide
halon1011|broomchloormethaan
heptnfs|heptenofos
hextazx|hexythiazox
hymxzl|hymexazool
iC3yantnlAd|isopropylanthranilamide
iC3yfpp|iso-propylflamprop
iClidzn|isochloridazon
iOaftl|isoxaflutool
iOxnl|ioxynil
ibpfn|ibuprofen
ibtzr|iso-boterzuur
icbfs|isocarbofos
idn|isodrin
ifetAd|isofetamide
iffAd|ifosfamide
iffOon|isofenfos-oxon
iffs|isofenfos
imdcpd|imidacloprid
imzll|imazalil
imzmtbzC1y|imazamethabenz-methyl
imzmx|imazamox
imzpr|imazapyr
inda|indaan
indl|indol
indmtcne|indometacine
indxcb|indoxacarb (S-isomeer)
ioxnOcnat|ioxynil octanoaat
ipDon|iprodion
ipcb|isoprocarb
ipcnzl|ipconazole
ipnfs|iprobenfos
iptoln|isoprothiolan
iptrn|isoproturon
ipvlcb|iprovalicarb
irbstan|irbesartan
irgrl|irgarol
isprzm|isopyrazam
isxbn|isoxaben
iszfs|isazofos
iurn|isouron
ivmctne|ivermectine
ixdfnC2y|isoxadifen-ethyl
ixtton|isoxathion
jodffs|jodfenfos
johxl|johexol
jompl|jomeprol
jopmde|jopromide
jopmdl|jopamidol
jopninzr|jopanoïnezuur
jotlmnzr|jotalaminezuur
joxgnzr|joxaglinezuur
joxtlmnzr|joxitalaminezuur
ketpfn|ketoprofen
kresOxmC1y|kresoxim-methyl
lamnrn|laminaran
lamtgne|lamotrigine
lcyhltn|lambda-cyhalothrin
lencl|lenacil
leptfs|leptofos
levmsl|levamisol
levngsl|levonorgestrel
levtrctm|levetiracetam
lidcine|lidocaïne
lincmcne|lincomycine
linrn|linuron
lisnpl|lisinopril
lostan|losartan
lufnrn|lufenuron
mAh|metaldehyde
malOon|malaoxon
malinhdzde|maleinehydrazide
malton|malathion
manczb|mancozeb
mandppAd|mandipropamide
mandsbn|mandestrobin
mebdzl|mebendazol
mecbm|mecarbam
mecccne|meclocycline
mecppP|mecoprop-P
mefTFcnzl|mefentrifluconazool
meffln|mefosfolan
mefnct|mefenacet
mefpDC2y|mefenpyr-diethyl
mepnl|mepronil
mepnprm|mepanipyrim
mepqCl|mepiquatchloride
mepqat|mepiquat
mesnl|mestranol
messfrnC1y|mesosulfuron-methyl
meston|mesotrion
metNa|metham-natrium
metbmrn|metobromuron
metbtazrn|metabenzthiazuron
metbzn|metribuzin
metcb|metolcarb
metcnzl|metconazool
metdton|methidathion
metfmne|metformine
metfnn|metrafenon
methcfs|methacrifos
metlCl|metolachloor
metlClC2asfz|metolachlor ethaansulfonzuur
metlClOoHac|metolachlor oxo azijnzuur
metml|methomyl
metndzl|metronidazol
metocb|methiocarb
metocbSO|methiocarbsulfoxide
metocbsfn|methiocarbsulfon
metpll|metoprolol
metpn|methopreen
metptn|methoprotryn
metrm|metiram
metslm|metosulam
mettxt|methotrexaat
metxrn|metoxuron
metzClC2asfz|metazachloor-ethaansulfonzuur
metzClOoHac|metazachloor oxo azijnzuur
mevfs|mevinfos
mexcbt|mexacarbaat
mfmzn|metaflumizon
micanzl|miconazol
milbmcA3|milbemycin A3
milbmcA4|milbemycin A4
minrlole|minerale olie
mirx|mirex
mlxl|metalaxyl
mlxlM|metalaxyl-M
mmtn|metamitron
molnt|molinaat
monlde|monalide
monrn|monuron
monsn|monensin
moxdtn|moxidectin
mtmdfs|methamidofos
muskxln|musk-xyleen
mycbtnl|myclobutanil
myomne|myosmine
mzCl|metazachloor
nafclne|nafcilline
nald|naled
nappAd|napropamide
napxn|naproxen
nebrn|neburon
nicsfrn|nicosulfuron
nictne|nicotine
nitprm|nitenpyram
nittliC3y|nitrothal-isopropyl
nodlrn|nodularin
noretsrn|norethisteron
norfrzn|norflurazon
norfxcne|norfloxacine
novlrn|novaluron
nuarml|nuarimol
oTolsfAd|o-tolueensulfonamide
ocresl|o-cresol
octclne|octocrilene
oestn|oestron
ofrce|ofurace
ofxcne|ofloxacine
oladmcn|oleandomycin
oladmcnPO4|oleandomycinefosfaat
omtat|omethoaat
orbcb|orbencarb
orzln|oryzalin
oxfdzle|oxfendazole
oxzpm|oxazepam
pTolsfAd|p-tolueensulfonamide
pacbtzl|paclobutrazol
parctml|paracetamol
paroetne|paroxetine
paroonC1y|paraoxon-methyl
paroonC2y|paraoxon-ethyl
peblt|pebulaat
penccrn|pencycuron
penclnG|penicilline G
penclnV|penicilline V
pencnzl|penconazool
pendmtln|pendimethalin
penffn|penflufen
pentoprd|penthiopyrad
permtn|permethrin
pertn|perthaan
piclnfn|picolinafen
picrm|picloram
picxsbn|picoxystrobin
pinadn|pinoxaden
pindll|pindolol
pipprn|pipamperon
piprnbO|piperonyl-butoxide
pirmcb|pirimicarb
pirmcdC1y|pirimicarb-desmethyl
pirmcdC1yfa|pirimicarb-desmethyl-formamido
pirmsfrnC1y|pirimisulfuron-methyl
plifnt|plifenaat
poxflne|pentoxifylline
pqtDCl|paraquat-dichloride
primdn|primidon
proClaz|prochloraz
proHxDonCa|prohexadione-calcium
procmdn|procymidon
profm|profam
profnfs|profenofos
profxdm|profoxydim
progtrn|progesteron
promcb|promecarb
promtn|prometon
promtne|prometryne
propAd|propyzamide
propCl|propachloor
propcnzl|propiconazol (som cis- en trans-)
propfl|propofol
propfnzn|propyfenazon
propfs|propafos
propgt|propargiet
propmcb|propamocarb
propmcbHCl|propamocarb hydrochloride
propnl|propanil
propnll|propranolol
propozr|propionzuur
propqzfp|propaquizafop
proptfs|propetamfos
propxcbzn|propoxycarbazon
propxr|propoxur
propzne|propazine
proqazd|proquinazid
prosfcb|prosulfocarb
prosfrn|prosulfuron
protat|prothoaat
protocb|prothiocarb
protocnzdto|prothioconazol-desthio
protocnzl|prothioconazool
protofs|prothiofos
pymtzne|pymetrozine
pyrazfs|pyrazofos
pyrcbld|pyracarbolid
pyrcfs|pyraclofos
pyrcsbn|pyraclostrobin
pyrdbn|pyridaben
pyrdfl|pyridafol
pyrdfton|pyridafention
pyrdll|pyridalyl
pyrdne|pyridine
pyrdt|pyridaat
pyrffn|pyraflufen
pyrffnC2y|pyraflufen-ethyl
pyrfnx|pyrifenox
pyrmdfn|pyrimidifen
pyrmtnl|pyrimethanil
pyrofnn|pyriofenon
pyrpxfn|pyriproxyfen
pyrqln|pyroquilon
pyrslm|pyroxsulam
pyrtnI|pyrethrin I
pyrtnn|pyrethrinen
pyrzl|pyrazol
quetpne|quetiapine
quincmn|quinoclamin
quinfs|quinalfos
quinlne|quinoline
quinmrc|quinmerac
quinmtont|quinomethionaat
quinoxfn|quinoxyfen
quizlfC2y|quizalofop-ethyl
quizlfPC2y|quizalofop-P-ethyl
quizlfp|quizalofop
rantdne|ranitidine
resmtn|resmethrin
rimsfrn|rimsulfuron
ritlnzr|ritalinezuur
rondzl|ronidazol
rotnn|rotenon
roxtmcne|roxitromycine
s12x5T4ClBen|som 1,2,3,5- en 1,2,4,5-tetrachloorbenzeen
s1314xyln|som 1,3- en 1,4-xyleen
s23x6T4ClFol|som 2,3,4,6- en 2,3,5,6-tetrachloorfenol
s2425DClAn|som 2,4- en 2,5-dichlooraniline
s2425DClFol|som 2,4- en 2,5-dichloorfenol
s2xDClFol|som 2,3-, 2,4-, 2,5- en 2,6-dichloorfenol
s34C2yTol|som 3- en 4-ethyltolueen
s34ttCy4Fol|som 3- en 4-tertiair-butylfenol
s35DC1yFol4C|som 3,5-dimethylfenol en 4-ethylfenol
s45C1y1Hbzta|som 4- en 5-methyl-1H-benzotriazool
s45Cl2C1yAn|som 4- en 5-chloor-2-methylaniline
s4C9yFol|som 4-nonylfenol-isomeren (vertakt)
sAEs|som alkylethoxylaten
sANNADOLIC1|som Anabaena en Dolichospermum [1]
sAOX|som adsorbeerbare organische halogeenverbindingen
sBbjF|som benzo(b)fluorantheen en benzo(j)fluorantheen
sBbkF|som benzo(b)fluorantheen en benzo(k)fluorantheen
sBghiPInP|som benzo(ghi)peryleen en indeno(1,2,3-cd)pyreen
sC10C13Clakn|som C10-C13-chlooralkanen
sC2oxdm|sethoxydim
sCHLFa4|som 4 chlorofyl-a fracties
sChER|som cholinesteraseremmers
sClFol|som chloorfenolen
sCldn|som chloordaan (som cis- en trans-)
sDC1yFol3|som 3 dimethylfenolen (4-ethyl-3,5- en 2,3- en 3,5-)
sDC8yFt2|som dioctylftalaat en bis(2-ethylhexyl)ftalaat (DEHP)
sDClBen|som dichloorbenzeen-isomeren
sDClC2e|som dichlooretheen-isomeren
sDClC3a|som dichloorpropaan-isomeren
sDClC3a3|som 3 dichloorpropanen (som 1,1- en 1,2- en 1,3-)
sDClFol6|som 6 dichloorfenolen (Bbk, 1-1-2008)
sDDD|som 2,4'- en 4,4'-DDD
sDDE|som 2,4'- en 4,4'-DDE
sDDT|som 2,4'- en 4,4'-DDT
sDDX2|som 2,4'-DDT en 4,4'-DDD
sDDX4|som 2,4'-DDT, 4,4'-DDT, 4,4'-DDD en 4,4'-DDE
sDDX6|som 2,4'-, 4,4'-DDT, 2,4'-, 4,4'-DDD, 2,4'- en 4,4'-DDE
sDOxns29|som 29 dioxines (Bbk, 1-10-2010, als TEQ)
sDRIJFBEMSPT|som drijfblad- en emerse planten
sDtocbmt|som dithiocarbamaten
sEDTANTADTPA|som EDTA, NTA en DTPA
sEMSOVPTN|som emerse en oeverplanten
sEOV|som extraheerbare oliën en vetten
sEOX|som extraheerbare organische halogeenverbindingen
sFEO|som Feopigment
sFLABKROOS|som flab en kroos
sFolwv|som fenolen waterdampvluchtig
sHBCD|som 1,2,5,6,9,10-hexabroomcyclododecaan
sHCH|som hexachloorcyclohexaan-isomeren
sHCH3|som a-, b- en c-HCH
sHCH4|som a-, b-, c- en d-HCH
sHpCl1|som heptachloor en cis-heptachloorepoxide
sHpCl2|som heptachloor en cis- en trans-heptachloorepoxide
sHpClepO|som heptachloorepoxide (som cis- en trans-)
sMAK|som monocyclische aromatische koolwaterstoffen (BTEX)
sMCPB24DB|som MCPB en 24DB
sMClAn|som monochlooraniline-isomeren
sMClFol|som monochloorfenol-isomeren
sMICCTNS|som microcystines
sNO3NO2|som nitraat en nitriet
sPAK10|som 10 polycyclische aromatische koolwaterstoffen (VROM)
sPAK16|som 16 polycyclische aromatische koolwaterstoffen (EPA)
sPAK6|som 6 polycyclische aromatische koolwaterstoffen (Borneff)
sPBDE6|som PBDE28, 47, 99, 100, 153, 154
sPCB2831|som PCB28 en PCB31
sPCB6|som 6 polychloorbifenylen PCB28, 52, 101, 138, 153, 180
sPCB7|som 7 polychloorbifenylen PCB28, 52, 101, 118, 138, 153, 180
sPO4|som orthofosfaat en hydrolyseerbaar fosfaat
sPTOXSBAGN|som potentieel toxische blauwalgen
sSUBMSDBEMSP|som submerse, drijfblad- en emerse planten
sSUBMSDBPTN|som submerse en drijfbladplanten
sSUBMSPTDAGN|som submerse planten en draadalgen
sT4ClBen|som tetrachloorbenzeen-isomeren
sT4ClFol|som tetrachloorfenol-isomeren
sTClBen|som trichloorbenzenen (som 1,2,3- en 1,2,4- en 1,3,5-)
sTClFol|som trichloorfenol-isomeren
sTOXSBAGN5|som 5 toxische blauwalgen
sVCK|som vluchtige chloorkoolwaterstoffen
sVOC|som vluchtige organische verbindingen (GM-MS-screening)
sVOX|som vluchtige organische halogeenverbindingen
sabcHBCD|som a-, b- en c-HBCD
saccrne|saccharine
salbtml|salbutamol
salczr|salicylzuur
sanionn|som anionen
santadgnsfn|som anti-androgene stoffen
scresl2|som m-cresol en p-cresol
sdetgtaiatf|som detergenten anionactief
sdetgtkiatf|som detergenten kationactief
sdetgtniatf|som detergenten nonionactief
sdmtn|som o-demeton en s-demeton
sdrin3|som aldrin, dieldrin en endrin
sdrin4|som aldrin, dieldrin, endrin en isodrin
sdrin5|som aldrin, dieldrin, endrin, isodrin en telodrin
seC4yazne|sebutylazine
secC4yBen|secundair-butylbenzeen
secbmtn|secbumeton
sedxne|sedaxane
sendsfn2|som alfa-endosulfan en endosulfansulfaat
sestgnsfn|som estrogene stoffen
sftalt|som ftalaten
sgewbsmmdln|som gewasbeschermingsmiddelen (BKMW)
silfofn|silafluofen
siltofm|silthiofam
simtn|simetryn
simvstne|simvastatine
simzne|simazine
sindxcb|som indoxacarb (S- en R-isomeer)
skationn|som kationen
slinverPFHxS|som lineair en vertakte perfluorhexaansulfonzuur
slinvertPFOA|som lineair en vertakte perfluoroctaanzuur
slinvertPFOS|som lineair en vertakte perfluoroctylsulfonaat
smilbmcn|som milbemycin A3 + A4
sotll|sotalol
speroxsplfrt|som peroxisoom proliferators (gamma)
spetlusfntn|som petroleumsulfonaten
spinsd|spinosad
spinsnA|spinosynA
spinsnD|spinosynD
spintrm|spinetoram (mix)
spirdcfn|spirodiclofen
spirmcne|spiramycine (I+II+III)
spirmsfn|spiromesifen
spirttmt|spirotetramat
spirxmne|spiroxamine
spyrtnIenII|som pyrethrin I en II
sttC8yFol|som tertiair-octylfenol-isomeren
styrn|styreen
succmr|succimer
suclse|sucralose
sulcton|sulcotrion
sulfClprdzne|sulfachloorpyridazine
sulfafr|sulfoxaflor
sulfdazne|sulfadiazine
sulfdmdne|sulfadimidine
sulfdmtoxne|sulfadimethoxine
sulfdxne|sulfadoxine
sulfmrzn|sulfamerazin
sulfmtoazl|sulfamethoxazol
sulfprdne|sulfapyridine
sulfqoxlne|sulfaquinoxaline
sulfsfrn|sulfosulfuron
sulftp|sulfotep
sulftzl|sulfathiazol
sulpfs|sulprofos
sverttPFHxS|som vertakte PFHxS-isomeren
sverttPFOA|som vertakte PFOA-isomeren
sverttPFOS|som vertakte PFOS-isomeren
sxyln|som xyleen-isomeren
t1011DHOx101|trans-10,11-dihydroxy-10,11-dihydrocarbazepine
t12DClC2e|trans-1,2-dichlooretheen
t13DClC3e|trans-1,3-dichloorpropeen
tCldn|trans-chloordaan
tHpClepO|trans-heptachloorepoxide
tabdzl|thiabendazol
tamxfn|tamoxifen
taufvlnt|tau-fluvalinaat
tebcnzl|tebuconazol
tebfnzde|tebufenozide
tebfprd|tebufenpyrad
tebprfs|tebupirimfos
tebturn|tebuthiuron
tecnzn|tecnazeen
tecrbzneC1y|thiencarbazone-methyl
tefbzrn|teflubenzuron
teftn|tefluthrin
teldn|telodrin
tembtone|tembotrione
temfs|temefos
temzpm|temazepam
teplxdm|tepraloxydim
terC4yazne|terbutylazine
terbcl|terbacil
terbfs|terbufos
terbmtn|terbumeton
terbtlne|terbutaline
terbtn|terbutrin
texanl|texanol
tfluoxsbn|trans-fluoxastrobin
tftn|transfluthrin
tganactn|trans-geranylaceton
thiacpd|thiacloprid
thiamtxm|thiamethoxam
thifsfrn|thifensulfuron
thifsfrnC1y|thifensulfuron-methyl
thirm|thiram
tiamlne|tiamuline
tilmcsne|tilmicosine
tmevfs|trans-mevinfos
toDcb|thiodicarb
tobcb|thiobencarb
toccm|thiocyclam
tofnC1y|thiofanaat-methyl
tofnSO|thiofanox-sulfoxide
tofnsfn|thiofanox-sulfon
tofnx|thiofanox
tolcfsC1y|tolclofos-methyl
tolfAezr|tolfenaminezuur
tolfande|tolylfluanide
tomtn|thiometon
topmzn|topramezon
toxafn|toxafeen
tpermtn|trans-permethrin
tpyrfnx|trans-pyrifenox
tramdl|tramadol
tris2C2yC6yP|tris(2-ethylhexyl)fosfaat
tris2C4oxC2y|tris(2-butoxyethyl)fosfaat
tris2Cl1ClC1|tris(2-chloor-1-(chloormethyl)ethyl)fosfaat
tritsfrn|tritosulfuron
ttC4ol|tertiair-butanol
ttC4yBen|tertiair-butylbenzeen
tylsne|tylosine
valfnlt|valifenalaat
valrazr|valeriaanzuur
valstan|valsartan
valstzr|valsartanzuur
valum|valium
vamdton|vamidothion
vanlne|vanilline
venlfxne|venlafaxine
verdx|verdox
vernlt|vernolaat
vigbtne|vigabatrine
vinczln|vinclozolin
virgnamcne|virginiamycine
warfrn|warfarin
zOaAd|zoxamide
