Pagina,Id,Code,Omschrijving,Afkorting,Begin geldigheid,Gerelateerd
Afvoeren effluent,9,9,Afvoeren effluent,9,2011-08-30,
Slibbehandelen,8,8,Slibbehandelen,8,2011-08-30,
Nabehandelen effluent,7,7,Nabehandelen effluent,7,2011-08-30,
Nabezinken,6,6,Nabezinken,6,2011-08-30,nabezinken
Biologisch zuiveren,5,5,Biologisch zuiveren,5,2011-08-30,biologisch zuiveren
Voorbezinken,4,4,Voorbezinken,4,2011-08-30,voorbezinken
Voorbehandelen influent,3,3,Voorbehandelen influent,3,2011-08-30,voorbehandelen influent
Ontvangen afvalwater,2,2,Ontvangen afvalwater,2,2011-08-30,
Gebruiken utiliteiten,1,1,Gebruiken utiliteiten,1,2011-08-30,gebruiken utiliteiten
