Pagina,Id,Code,Omschrijving,Groep,Symbool,Begin geldigheid,Gerelateerd
Effluentleiding,99,el-,Effluentleiding,,,2016-01-28,effluentleiding
Drinkwaterleiding,98,dwl,Drinkwaterleiding,,,2016-01-28,drinkwaterleiding
Drijflaagafvoerleiding,97,dal,Drijflaagafvoerleiding,,,2016-01-28,drijflaagafvoerleiding
Chemicaliënleiding,96,cl-,Chemicaliënleiding,,,2016-01-28,chemicaliënleiding
Bronwaterleiding,95,bwl,Bronwaterleiding,,,2016-01-28,bronwaterleiding
Bedrijfswaterleiding,94,bdl,Bedrijfswaterleiding,,,2016-01-28,bedrijfswaterleiding
Aspiratieluchtleiding,93,all,Aspiratieluchtleiding,,,2016-01-28,aspiratieluchtleiding
Afgewerkte olieleiding,92,aol,Afgewerkte olieleiding,,,2016-01-28,afgewerkte olieleiding
Bedrijfswateraanvoerleiding,91,bal,Bedrijfswateraanvoerleiding,,,2016-01-28,bedrijfswateraanvoerleiding
Motorblokkoeler,90,mbk,Motorblokkoeler,,,2016-01-28,motorblokkoeler
Puntbeluchter,9,pb-,Puntbeluchter,,,2016-01-28,puntbeluchter
Uitlaatgaskoeler,89,ugk,Uitlaatgaskoeler,,,2016-01-28,uitlaatgaskoeler
Oliekoeler,88,olk,Oliekoeler,,,2016-01-28,oliekoeler
Interkoeler,87,itk,Interkoeler,,,2016-01-28,interkoeler
Rookgaskoeler,86,rgk,Rookgaskoeler,,,2016-01-28,rookgaskoeler
Kelder,85,k--,Kelder,,,2016-01-28,kelder
Primairslibkelder,84,psk,Primairslibkelder,,,2016-01-28,primairslibkelder
Surplusslibkelder,83,ssk,Surplusslibkelder,,,2016-01-28,surplusslibkelder
Recirculatiekelder,82,rck,Recirculatiekelder,,,2016-01-28,recirculatiekelder
Uitgegistslibkelder,81,usk,Uitgegistslibkelder,,,2016-01-28,uitgegistslibkelder
Voorbezonkenwaterkelder,80,vbk,Voorbezonkenwaterkelder,,,2016-01-28,voorbezonkenwaterkelder
Borstelbeluchter,8,bbr,Borstelbeluchter,,,2016-01-28,borstelbeluchter
Afvalwaterkelder,79,ntk,Afvalwaterkelder,,,2016-01-28,afvalwaterkelder
Terreinrioleringskelder,78,trk,Terreinrioleringskelder,,,2016-01-28,terreinrioleringskelder
Slibkelder,77,slk,Slibkelder,,,2016-01-28,slibkelder
Rioolwaterkelder,76,rwk,Rioolwaterkelder,,,2016-01-28,rioolwaterkelder
Retourslibkelder,75,rsk,Retourslibkelder,,,2016-01-28,retourslibkelder
Nutriëntenfilter,743,ntf,Nutriëntenfilter,,,2025-11-14,nutriëntenfilter
Proceswaterkelder,74,pwk,Proceswaterkelder,,,2016-01-28,proceswaterkelder
Percolaatwaterkelder,73,pck,Percolaatwaterkelder,,,2016-01-28,percolaatwaterkelder
Influentkelder,72,ik-,Influentkelder,,,2016-01-28,influentkelder
Effluentkelder,71,ek-,Effluentkelder,,,2016-01-28,effluentkelder
Bedrijfswaterkelder,70,bwk,Bedrijfswaterkelder,,,2016-01-28,bedrijfswaterkelder
Roerwerk,7,rw-,Roerwerk,,,2016-01-28,roerwerk
Pompenkelder,69,pk-,Pompenkelder,,,2016-01-28,pompenkelder
Tandwielkast,68,twk,Tandwielkast,,,2016-01-28,tandwielkast
Slibdesintegrator,67,sdi,Slibdesintegrator,,,2016-01-28,slibdesintegrator
Waspers,66,wps,Waspers,,,2016-01-28,waspers
Slibkraakinstallatie,65,ski,Slibkraakinstallatie,,,2016-01-28,slibkraakinstallatie
Desinfectie installatie,64,dii,Desinfectie installatie,,,2016-01-28,desinfecteerinstallatie
Luchtbehandelingsinstallatie,63,lbi,Luchtbehandelingsinstallatie,,,2016-01-28,luchtbehandelingsinstallatie
Koelinstallatie,62,ki-,Koelinstallatie,,,2016-01-28,koelinstallatie
Injecteur,61,inj,Injecteur,,,2016-01-28,injecteur
Schakelkast lichtverdeling of gewoon schakelkast,60,skl,Schakelkast lichtverdeling of gewoon schakelkast,,,2016-01-28,
Monsternameapparaat,6,ma-,Monsternameapparaat,,,2016-01-28,bemonsteringsapparaat
Schakelkast hoofdverdeling of gewoon schakelkast,59,skh,Schakelkast hoofdverdeling of gewoon schakelkast,,,2016-01-28,
Hydroaggregaat,58,hag,Hydroaggregaat,,,2016-01-28,hydroaggregaat
Trechter,57,tt-,Trechter,,,2016-01-28,trechter
Luchtdroger,56,ld-,Luchtdroger,,,2016-01-28,luchtdroger
Verwarmingsketel,55,vwk,Verwarmingsketel,,,2016-01-28,verwarmingsketel
Versnijder,54,vsn,Versnijder,,,2016-01-28,versnijder
Ventilator,53,ven,Ventilator,,,2016-01-28,ventilator
Transportband,52,trb,Transportband,,,2016-01-28,transportband
Sproeier,51,sp-,Sproeier,,,2016-01-28,sproeier
Slibdroogbedden,50,sdb,Slibdroogbedden,,,2016-01-28,
Afsluiter,5,a--,Afsluiter,,,2016-01-28,afsluiter
Roostergoedpers,49,rgp,Roostergoedpers,,,2016-01-28,roostergoedpers
Noodkoeler,48,nk-,Noodkoeler,,,2016-01-28,noodkoeler
Ozonvernietingingsinstallatie,475,ozv,Ozonvernietingingsinstallatie,,,2026-01-10,ozonvernietingingsinstallatie
Ozoninstallatie,474,ozi,Ozoninstallatie,,,2026-01-10,ozoninstallatie
Ozongenerator,473,ozn,Ozongenerator,,,2026-01-10,ozongenerator
Uv-desinfectie installatie,472,udi,Uv-desinfectie installatie,,,2022-10-27,uv-desinfectie installatie
Passieve kathodische bescherming,471,pkb,Passieve kathodische bescherming,,,2022-06-03,kathodische bescherming
Actieve kathodische bescherming,470,akb,Actieve kathodische bescherming,,,2022-06-03,kathodische bescherming
Luchtverwarmer,47,lv-,Luchtverwarmer,,,2016-01-28,luchtverwarmer
Hulpstoffendoseerinstallatie,469,hdi,Hulpstoffendoseerinstallatie,,,2021-06-01,
Skid,468,skd,Skid,,,2020-03-20,skid
Ionenwisselaar,467,iow,Ionenwisselaar,,,2019-10-30,ionenwisselaar
Dissolved Air Flotation-installatie,466,daf,Dissolved Air Flotation-installatie,,,2019-10-30,dissolved air flotation-installatie
Elektrocoagulatie-installatie,465,eci,Elektrocoagulatie-installatie,,,2019-10-30,elektrocoagulatie-installatie
Struvietwasser,464,svw,Struvietwasser,,,2018-12-08,struvietwasser
Waterslaginstallatie,463,wsi,Waterslaginstallatie,,,2018-11-24,waterslaginstallatie
Optische signalering,462,os-,Optische signalering,,,2018-11-24,
Opslagruimte,461,osr,Opslagruimte,,,2018-11-24,opslagruimte
Bedrijfsgebouw,460,bdb,Bedrijfsgebouw,,,2018-11-24,bedrijfsgebouw
Naverbrander,46,nb-,Naverbrander,,,2016-01-28,naverbrander
Zonnepaneel,459,zp-,Zonnepaneel,,,2018-10-27,
Werkplaatsmaterieel,458,wpm,Werkplaatsmaterieel,,,2018-10-27,werkplaatsmaterieel
Werkplaats,457,wp-,Werkplaats,,,2018-10-27,werkplaats
Woning,456,wo-,Woning,,,2018-10-27,
WKK-ruimte,455,wkr,WKK-ruimte,,,2018-10-27,wkk-ruimte
WKK-gebouw,454,wkg,WKK-gebouw,,,2018-10-27,wkk-gebouw
Waterkering,453,wk-,Waterkering,,,2018-10-27,waterkering
Toiletruimte,452,wc-,Toiletruimte,,,2018-10-27,
Wasbak,451,wbk,Wasbak,,,2018-10-27,
Weegbrug,450,wb-,Weegbrug,,,2018-10-27,
Gootborstel,45,gb-,Gootborstel,,,2016-01-28,gootborstel
Verwarmingsgebouw,449,vwg,Verwarmingsgebouw,,,2018-10-27,
Looprandverwarming,448,vwe,Looprandverwarming,,,2018-10-27,looprandverwarming
Ventilatierooster,447,vtr,Ventilatierooster,,,2018-10-27,ventilatierooster
Ventielenkast,446,vkt,Ventielenkast,,,2018-10-27,ventielenkast
Verstelinrichting,445,vsi,Verstelinrichting,,,2018-10-27,verstelinrichting
Vetsmeerapparaat,444,vsa,Vetsmeerapparaat,,,2018-10-27,vetsmeerapparaat
Verwarmingsruimte,443,vr-,Verwarmingsruimte,,,2018-10-27,verwarmingsruimte
Voorlichtingsruimte,442,vlr,Voorlichtingsruimte,,,2018-10-27,voorlichtingsruimte
Verladingsinstallatie,441,vli,Verladingsinstallatie,,,2018-10-27,
Voorlichtingsgebouw,440,vlg,Voorlichtingsgebouw,,,2018-10-27,voorlichtingsgebouw
Generator,44,ge-,Generator,,,2016-01-28,generator
Vergaderruimte,439,vgr,Vergaderruimte,,,2018-10-27,
Voedingskabel,438,vdk,Voedingskabel,,,2018-10-27,
Vacuüminstallatie,437,vci,Vacuüminstallatie,,,2018-11-24,vacuüminstallatie
Toevoerpomp zandfiltratie,436,tzf,Toevoerpomp zandfiltratie,,,2018-10-27,
Terrein,435,trn,Terrein,,,2018-10-27,terrein
Traforuimte,434,tr-,Traforuimte,,,2018-10-27,traforuimte
Technischeruimte,433,tnr,Technischeruimte,,,2018-10-27,
Telemetriesysteem,432,tms,Telemetriesysteem,,,2018-10-27,
Trappenhuis,431,th-,Trappenhuis,,,2018-10-27,trappenhuis
Telefoonkabel,430,tfk,Telefoonkabel,,,2018-10-27,
Gasfakkel,43,gf-,Gasfakkel,,,2016-01-28,gasfakkel
Talud- en bodembescherming,429,tbb,Talud- en bodembescherming,,,2018-10-27,
Slibverwarmingsruimte,428,svr,Slibverwarmingsruimte,,,2018-10-27,
Slibverwerkingsgebouw,427,svg,Slibverwerkingsgebouw,,,2018-10-27,
Server,426,srv,Server,,,2018-10-27,
Serverruimte,425,srt,Serverruimte,,,2018-10-27,
Schakelruimte,424,sr-,Schakelruimte,,,2018-10-27,schakelruimte
Slibontvangstgebouw,423,sov,Slibontvangstgebouw,,,2018-10-27,
Slibontwateringsruimte,422,sor,Slibontwateringsruimte,,,2018-10-27,
Slibontwateringsgebouw,421,sog,Slibontwateringsgebouw,,,2018-10-27,slibontwateringgebouw
Sluis,420,sls,Sluis,,,2018-10-27,sluis
Desinfectiecircuit,42,dic,Desinfectiecircuit,,,2016-01-28,desinfectiecircuit
Serverkast,419,sks,Serverkast,,,2018-10-27,
Schakelkast,418,sk-,Schakelkast,,,2018-10-27,schakelkast
Slibindikruimte,417,sir,Slibindikruimte,,,2018-10-27,slibindikruimte
Slibindikgebouw,416,sig,Slibindikgebouw,,,2018-10-27,slibindikgebouw
Spoelinrichting,415,si-,Spoelinrichting,,,2018-10-27,
Slanghaspel,414,sh-,Slanghaspel,,,2018-10-27,slanghaspel
Signaalkabel,413,sgk,Signaalkabel,,,2018-10-27,
Stuw,412,suw,Stuw,,,2018-10-27,stuw
Registratiezuil,411,rzs,Registratiezuil,,,2018-10-27,registratiezuil slibtransport
Reclamezuil,410,rz-,Reclamezuil,,,2018-10-27,
CV-installatie,41,cv-,CV-installatie,,,2016-01-28,verwarmingsinstallatie
Rioolwaterverzamelvat,409,rvv,Rioolwaterverzamelvat,,,2018-10-27,
Rivier,408,riv,Rivier,,,2018-10-27,rivier
Leidingreiniger,407,ri-,Leidingreiniger,,,2018-10-27,leidingreiniger
Roostergoedstortkoker,406,rgr,Roostergoedstortkoker,,,2018-10-27,roostergoedstortkoker
Roostergoedgebouw,405,rgg,Roostergoedgebouw,,,2018-10-27,roostergoedgebouw
Pulsatiedemper,404,psd,Pulsatiedemper,,,2018-10-27,pulsatiedemper
Palletopslag,403,po-,Palletopslag,,,2018-10-27,
Persluchtinstallatie,402,pli,Persluchtinstallatie,,,2018-10-27,
Polymeer doseer unit,401,pdu,Polymeer doseer unit,,,2018-10-27,
Plensdouche,400,pd-,Plensdouche,,,2018-10-27,plensdouche
Droogslibtransportinstallatie,40,dst,Droogslibtransportinstallatie,,,2016-01-28,droogslibtransportinstallatie
Kleppenregister,4,krg,Kleppenregister,,,2016-01-28,kleppenregister
Persoonlijke beschermingsmiddelen,399,pbm,Persoonlijke beschermingsmiddelen,,,2018-10-27,persoonlijke beschermingsmiddelen
Onderzoeksruimte,398,ozr,Onderzoeksruimte,,,2018-10-27,onderzoeksruimte
Overkluizing,397,ozg,Overkluizing,,,2018-10-27,overkluizing
Olieopslagruimte,396,oor,Olieopslagruimte,,,2018-10-27,
Oud metaalopslag,395,omo,Oud metaalopslag,,,2018-10-27,
Onderhoudsmaterieel,394,om-,Onderhoudsmaterieel,,,2018-10-27,onderhoudmaterieel
Overlaat,393,ol-,Overlaat,,,2018-10-27,overlaat
Onsteekunit gasfakkel,392,ogf,Onsteekunit gasfakkel,,,2018-10-27,gasfakkel
Oogdouche,391,od-,Oogdouche,,,2018-10-27,oogdouche
Na-indikker,390,ni-,Na-indikker,,,2018-10-27,na-indikker
Gemaal,39,g--,Gemaal,,,2016-01-28,gemaal
Meerpaal,389,mp-,Meerpaal,,,2018-10-27,meerpaalmeerpaal
Monsternamegebouw,388,mg-,Monsternamegebouw,,,2018-10-27,monsternamegebouw
Meer en plas,387,mep,Meer en plas,,,2018-10-27,
Meldcentrale,386,mc-,Meldcentrale,,,2018-10-27,
Laagspanningsruimte,385,lsr,Laagspanningsruimte,,,2018-10-27,laagspanningsruimte
Luchthelm,384,lhm,Luchthelm,,,2018-10-27,luchthelm
Landhoofd,383,lh-,Landhoofd,,,2018-10-27,landhoofd
Laptop,382,lap,Laptop,,,2018-10-27,
Kruipruimte,381,krr,Kruipruimte,,,2018-10-27,kruipruimte
Kunstobject,380,ko-,Kunstobject,,,2018-10-27,
Slibgemaal,38,sg-,Slibgemaal,,,2016-01-28,slibgemaal
Kleedruimte,379,klr,Kleedruimte,,,2018-10-27,kleedruimte
Kijkglas,378,kgs,Kijkglas,,,2018-10-27,
Kantoorruimte,377,kar,Kantoorruimte,,,2018-10-27,kantoorruimte
Kantine,376,kan,Kantine,,,2018-10-27,
Hydraulische unit,375,hu-,Hydraulische unit,,,2018-10-27,hydraulische unit
Hoogspanningskabel,374,hsk,Hoogspanningskabel,,,2018-10-27,
Hijs- en hefmiddelen,373,hi-,Hijs- en hefmiddelen,,,2018-10-27,hijs/hefmateriaal
Handgereedschap,372,hg-,Handgereedschap,,,2018-10-27,handgereedschap
Hal,371,hal,Hal,,,2018-10-27,hal
GSM,370,gsm,GSM,,,2018-10-27,
Primairslibgemaal,37,psg,Primairslibgemaal,,,2016-01-28,primairslibgemaal
Grijpstang,369,gs-,Grijpstang,,,2018-10-27,grijpstang
Gasmotorruimte,368,gmr,Gasmotorruimte,,,2018-10-27,gasmotorruimte
Geluiddemper,367,gd-,Geluiddemper,,,2018-10-27,geluiddemper
Gat,366,gat,Gat,,,2018-10-27,
Expansievat,365,exv,Expansievat,,,2018-10-27,expansievat
Elektromagneet,364,emn,Elektromagneet,,,2018-10-27,
Drinkwaterinstallatie,363,dwi,Drinkwaterinstallatie,,,2018-10-27,drinkwaterinstallatie
Drukvat,362,dv-,Drukvat,,,2018-10-27,drukvat
Doucheruimte,361,dr-,Doucheruimte,,,2018-10-27,doucheruimte
Dummy,360,dmy,Dummy,,,2018-10-27,dummy
Bergbezinkbassingemaal,36,bbg,Bergbezinkbassingemaal,,,2016-01-28,bergbezinkbassingemaal
Draagbare meetinstrumenten,359,dmi,Draagbare meetinstrumenten,,,2018-10-27,
Desinfectieruimte,358,dir,Desinfectieruimte,,,2018-10-27,desinfectieruimte
Deflectieschot,357,dfs,Deflectieschot,,,2018-10-27,deflectieschot
Duiker,356,d--,Duiker,,,2018-10-27,duikerduiker
Containergebouw,354,ctg,Containergebouw,,,2018-10-27,containergebouw
Circulatiepompwarmtewisselaar,353,cpw,Circulatiepompwarmtewisselaar,,,2018-10-27,
Compressorruimte,352,cpr,Compressorruimte,,,2018-10-27,compressorruimte
Compressorgebouw,351,cpg,Compressorgebouw,,,2018-10-27,compressorgebouw
Coupure,350,cpe,Coupure,,,2018-10-27,coupure
Tussengemaal,35,tg-,Tussengemaal,,,2016-01-28,tussengemaal
Computer,349,cmp,Computer,,,2018-10-27,
Communicatiekabel,348,cmk,Communicatiekabel,,,2018-10-27,
Camera,347,cam,Camera,,,2018-10-27,
Compensator,346,c--,Compensator,,,2018-10-27,
Bedrijfswaterruimte,345,bwr,Bedrijfswaterruimte,,,2018-10-27,bedrijfswaterruimte
Bedrijfswaterinstallatie,344,bwi,Bedrijfswaterinstallatie,,,2018-10-27,
Bemalingsvijzel,342,bmv,Bemalingsvijzel,,,2018-10-27,
Bemalingspomp,341,bmp,Bemalingspomp,,,2018-10-27,
Blowerruimte,340,blr,Blowerruimte,,,2018-10-27,blowerruimte
Rioolgemaal,34,rg-,Rioolgemaal,,,2016-01-28,rioolgemaal
Blowergebouw,339,blg,Blowergebouw,,,2018-10-27,blowergebouw
Blokkeerinrichting,338,bki,Blokkeerinrichting,,,2018-10-27,blokkeerinrichting
Branderinstallatie,337,bi-,Branderinstallatie,,,2018-10-27,
Behuizing,336,bh-,Behuizing,,,2018-10-27,behuizing
Bedieningsruimte,335,bdr,Bedieningsruimte,,,2018-10-27,bedieningsruimte
Bedrijfsauto,334,bda,Bedrijfsauto,,,2018-10-27,bedrijfsauto
Brugdek,333,bd-,Brugdek,,,2018-10-27,brugdek
Brandblusapparaat,332,bba,Brandblusapparaat,,,2018-10-27,brandblusapparaat
Brug,331,b--,Brug,,,2018-10-27,brug
Retourslibgemaal,33,rs-,Retourslibgemaal,,,2016-01-28,retourslibgemaal
Ankervoorziening v.r.e.,329,av-,Ankervoorziening v.r.e.,,,2018-10-27,ankervoorziening v.r.e.
Afsluitkap,328,ask,Afsluitkap,,,2018-10-27,
Akoestische signalering,327,as-,Akoestische signalering,,,2018-10-27,
Airconditioning,326,arc,Airconditioning,,,2018-10-27,airconditioning
Appendagekelder,325,apk,Appendagekelder,,,2018-10-27,appendagekelder
Automatische poort,324,ap-,Automatische poort,,,2018-10-27,automatische poort
Aanhangwagen,323,ahw,Aanhangwagen,,,2018-10-27,aanhangwagen
Afdekking,322,ad-,Afdekking,,,2018-10-27,afdekking
Analyseapparatuur,321,aa-,Analyseapparatuur,,,2018-10-27,analyseapparatuur
Sneeuwborstel,320,sbt,Sneeuwborstel,,,2017-12-09,sneeuwborstel
Influentgemaal,32,ig-,Influentgemaal,,,2016-01-28,influentgemaal
Verwarmingslint,319,vwl,Verwarmingslint,,,2017-12-09,verwarmingslint
Filtraatput,318,ftt,Filtraatput,,,2017-12-09,filtraatput
Bronwaterput,317,bwu,Bronwaterput,,,2017-12-09,bronwaterput
Drainageput,316,dnp,Drainageput,,,2017-12-09,drainageput
Losplaats,315,lps,Losplaats,,,2016-12-03,
Lekvloer,314,lvl,Lekvloer,,,2016-12-03,lekvloer
Weegtrechter,313,wtt,Weegtrechter,,,2016-12-03,weegtrechter
Hydraulische cilinder,312,hdc,Hydraulische cilinder,,,2016-12-03,hydraulische cilinder
Olieopslagtank,311,oot,Olieopslagtank,,,2016-12-03,olieopslagtank
Slibstortbunker,310,ssb,Slibstortbunker,,,2016-12-03,slibstortbunker
Effluentgemaal,31,eg-,Effluentgemaal,,,2016-01-28,effluentgemaal
Lamellenafscheider,309,ls-,Lamellenafscheider,,,2016-12-03,lamellenafscheider
Zinker,308,z--,Zinker,,,2016-01-28,zinker
Gaswasser,307,gw-,Gaswasser,,,2016-01-28,gaswasser
Zandwasser,306,zw-,Zandwasser,,,2016-01-28,zandwasser
Roostergoedwasser,305,rgw,Roostergoedwasser,,,2016-01-28,roostergoedwasser
Vistrap,304,vt-,Vistrap,,,2016-01-28,vistrap
Hydrant,303,hd-,Hydrant,,,2016-01-28,hydrant
Dagtank,302,dtk,Dagtank,,,2016-01-28,dagtank
Clarigester,301,crg,Clarigester,,,2016-01-28,clarigester
Tank,300,t--,Tank,,,2016-01-28,tank
Boostergemaal,30,bg-,Boostergemaal,,,2016-01-28,boostergemaal
Drukreduceerventiel,3,drv,Drukreduceerventiel,,,2016-01-28,drukreduceerventiel
Wisseltank,299,wst,Wisseltank,,,2016-01-28,wisseltank
Ontgassingstank,298,ogt,Ontgassingstank,,,2016-01-28,ontgassingstank
Oxischetank,297,oxt,Oxischetank,,,2016-01-28,oxischetank
Effluentvijver,296,eur,Effluentvijver,,,2016-01-28,effluentvijver
Buffer,295,bft,Buffer,,,2016-01-28,buffertank
Opslagtank,294,ot-,Opslagtank,,,2016-01-28,opslagtank
Verzameltank,293,vtk,Verzameltank,,,2016-01-28,verzameltank
Koelwatertank,292,kwt,Koelwatertank,,,2016-01-28,koelwatertank
Hulpstoffentank,291,ht-,Hulpstoffentank,,,2016-01-28,hulpstoffentank
Extern afvalstoftank,290,eat,Extern afvalstoftank,,,2016-01-28,extern afvalstoftank
Chemicaliënopslag,29,cos,Chemicaliënopslag,,,2016-01-28,chemicaliënopslag
Afgewerkte olie opslagtank,289,asv,Afgewerkte olie opslagtank,,,2016-01-28,afgewerkte olie opslagtank
Polymeergebruikstank,288,pgt,Polymeergebruikstank,,,2016-01-28,polymeergebruikstank
Dagtank smeerolie,287,sod,Dagtank smeerolie,,,2016-01-28,dagtank smeerolie
Huisbrandolieopslag,286,hbo,Huisbrandolieopslag,,,2016-01-28,huisbrandolieopslag
Voorbezinktank,285,vbt,Voorbezinktank,,,2016-01-28,voorbezinktank
Vacuümtank,284,vct,Vacuümtank,,,2016-01-28,vacuümtank
Tussenbezinktank,283,tbt,Tussenbezinktank,,,2016-01-28,tussenbezinktank
Slibbuffertank,282,sot,Slibbuffertank,,,2016-01-28,slibbuffertank
Sliblagune,281,sla,Sliblagune,,,2016-01-28,sliblagune
Polymeerrijptank,280,prt,Polymeerrijptank,,,2016-01-28,polymeerrijptank
Afvalstoffenopslag,28,aso,Afvalstoffenopslag,,,2016-01-28,afvalstoffenopslag
Polymeeropslagtank,279,pot,Polymeeropslagtank,,,2016-01-28,polymeeropslagtank
Polymeeraanmaaktank,278,pat,Polymeeraanmaaktank,,,2016-01-28,polymeeraanmaaktank
Oxidatiebed,277,ob-,Oxidatiebed,,,2016-01-28,oxidatiebed
Nabezinktank,276,nbt,Nabezinktank,,,2016-01-28,nabezinktank
Metaalzoutenopslagtank,275,mot,Metaalzoutenopslagtank,,,2016-01-28,metaalzoutenopslagtank
Mengtank,274,mt-,Mengtank,,,2016-01-28,mengtank
Helofytenfilter,273,hff,Helofytenfilter,,,2016-01-28,helofytenfilter
Gistingstank,272,gt-,Gistingstank,,,2016-01-28,gistingstank
Gashouder,271,gh-,Gashouder,,,2016-01-28,gashouder
Contacttank,270,ct-,Contacttank,,,2016-01-28,contacttank
Warmtewisselaar,27,ww-,Warmtewisselaar,,,2016-01-28,warmtewisselaar
Chlooropslagtank,269,cot,Chlooropslagtank,,,2016-01-28,chlooropslagtank
Calamiteitenbak,268,cb-,Calamiteitenbak,,,2016-01-28,calamiteitenbak
Bronwatertank,267,bwt,Bronwatertank,,,2016-01-28,bronwatertank
Breektank,266,bt-,Breektank,,,2016-01-28,breektank
Bergbezinkbassin,265,bb-,Bergbezinkbassin,,,2016-01-28,bergbezinkbassin
Anoxische tank,264,ao-,Anoxische tank,,,2016-01-28,anoxische tank
Anaërobe tank,263,an-,Anaërobe tank,,,2016-01-28,anaërobe tank
Actiefslibtank,262,at-,Actiefslibtank,,,2016-01-28,actiefslibtank
Straat,261,str,Straat,,,2016-01-28,straat
Zeefinstallatie,260,zi-,Zeefinstallatie,,,2016-01-28,zeefinstallatie
Doseerunit,26,du-,Doseerunit,,,2016-01-28,doseerunit
Roostergoedinstallatie,259,rgi,Roostergoedinstallatie,,,2016-01-28,roostergoedinstallatie
Cycloon,258,zc-,Cycloon,,,2016-01-28,cycloon
Zandafscheider,257,za-,Zandafscheider,,,2016-01-28,zandafscheider
Olieafscheider,256,oa-,Olieafscheider,,,2016-01-28,olieafscheider
Mechanische indikinstallatie,255,mii,Mechanische indikinstallatie,,,2016-01-28,mechanische indikinstallatie
Indikker,254,i--,Indikker,,,2016-01-28,indikker
Membraanfilter,253,mf-,Membraanfilter,,,2016-01-28,membraanfilter
Filter,252,f--,Filter,,,2016-01-28,filter
Zeeftrommel,251,zt-,Zeeftrommel,,,2016-01-28,zeeftrommel
Mechanische ontwateringsinstallatie,250,moi,Mechanische ontwateringsinstallatie,,,2016-01-28,mechanische ontwateringsinstallatie
Doseersluis,25,ds-,Doseersluis,,,2016-01-28,doseersluis
Zandvang,249,zv-,Zandvang,,,2016-01-28,zandvang
Zandfilter,248,zf-,Zandfilter,,,2016-01-28,zandfilter
Voorindikker,247,vi-,Voorindikker,,,2016-01-28,voorindikker
Rooster,246,ro-,Rooster,,,2016-01-28,rooster
Lavafilter,245,lf-,Lavafilter,,,2016-01-28,lavafilter
Indikcentrifuge,244,ic-,Indikcentrifuge,,,2016-01-28,indikcentrifuge
Condensafscheider,243,ca-,Condensafscheider,,,2016-01-28,condensafscheider
Biofilter,242,cf-,Biofilter,,,2016-01-28,biofilter
Bedrijfswaterfilter,241,bwf,Bedrijfswaterfilter,,,2016-01-28,bedrijfswaterfilter
Drooginstallatie,240,di-,Drooginstallatie,,,2016-01-28,drooginstallatie
Oliefiltratie-unit,24,ofu,Oliefiltratie-unit,,,2016-01-28,oliefiltratie-unit
Drijflaagruimer,239,dlr,Drijflaagruimer,,,2016-01-28,drijflaagruimer
Slibruimer,238,slr,Slibruimer,,,2016-01-28,slibruimer
Zandruimer,237,zr-,Zandruimer,,,2016-01-28,zandruimer
Slibdroogbedruimer,236,sdr,Slibdroogbedruimer,,,2016-01-28,slibdroogbedruimer
Ruimerbrug,235,rb-,Ruimerbrug,,,2016-01-28,ruimerbrug
Centrifugaatput,234,ctt,Centrifugaatput,,,2016-01-28,centrifugaatput
Stuwput,233,spt,Stuwput,,,2016-01-28,stuwput
Condensaatput,232,cst,Condensaatput,,,2016-01-28,condensput
Lenspompput,231,lpp,Lenspompput,,,2016-01-28,lenspompput
Put,230,put,Put,,,2016-01-28,put
Kalkdoseerunit,23,kdu,Kalkdoseerunit,,,2016-01-28,kalkdoseerunit
Drijflaagafvoerput,229,da-,Drijflaagafvoerput,,,2016-01-28,drijflaagafvoerput
Vijzelturbine,228,vtb,Vijzelturbine,,,2016-01-28,vijzelturbine
Ontwaterd slibpomp,227,osp,Ontwaterd slibpomp,,,2016-01-28,ontwaterd slibpomp
Slibpomp,226,sbp,Slibpomp,,,2016-01-28,slibpomp
Leegzuigpomp,225,lzp,Leegzuigpomp,,,2016-01-28,leegzuigpomp
Hulpstoffendoseerpomp,224,hdp,Hulpstoffendoseerpomp,,,2016-01-28,hulpstoffendoseerpomp
Recirculatievijzel,223,rcv,Recirculatievijzel,,,2016-01-28,recirculatievijzel
Externe afvalstoffenpomp,222,eap,Externe afvalstoffenpomp,,,2016-01-28,externe afvalstoffenpomp
Polymeertoevoerpomp,221,ptp,Polymeertoevoerpomp,,,2016-01-28,polymeertoevoerpomp
Spoelwatervijzel,220,swv,Spoelwatervijzel,,,2016-01-28,spoelwatervijzel
Metaalzoutendoseerunit,22,mzu,Metaalzoutendoseerunit,,,2016-01-28,metaalzoutendoseerunit
Analyseapparaatpomp,219,anp,Analyseapparaatpomp,,,2016-01-28,analyseapparaatpomp
Condensaatpomp,218,csp,Condensaatpomp,,,2016-01-28,condensaatpomp
Bedrijfswateraanvoerpomp,217,bap,Bedrijfswateraanvoerpomp,,,2016-01-28,bedrijfswateraanvoerpomp
Tussengemaalvijzel,216,tgv,Tussengemaalvijzel,,,2016-01-28,tussengemaalvijzel
Tussengemaalpomp,215,tgp,Tussengemaalpomp,,,2016-01-28,tussengemaalpomp
Zandtransportpomp,214,ztp,Zandtransportpomp,,,2016-01-28,zandtransportpomp
Voortstuwer,213,vs-,Voortstuwer,,,2016-01-28,voortstuwer
Voorbezonkenwatervijzel,212,vbv,Voorbezonkenwatervijzel,,,2016-01-28,voorbezonkenwatervijzel
Voorbezonkenwaterpomp,211,vbp,Voorbezonkenwaterpomp,,,2016-01-28,voorbezonkenwaterpomp
Verwarmingsketelpomp,210,vkp,Verwarmingsketelpomp,,,2016-01-28,verwarmingsketelpomp
Polymeerdoseercilinder,21,pdc,Polymeerdoseercilinder,,,2016-01-28,polymeerdoseercilinder
Uitgegistslibpomp,209,usp,Uitgegistslibpomp,,,2016-01-28,uitgegistslibpomp
Transportschroef,208,trs,Transportschroef,,,2016-01-28,transportschroef
Terreinrioleringspomp,207,trp,Terreinrioleringspomp,,,2016-01-28,terreinrioleringspomp
Surplusslibpomp,206,ssp,Surplusslibpomp,,,2016-01-28,surplusslibpomp
Sproeipomp,205,spp,Sproeipomp,,,2016-01-28,sproeipomp
Spoelwaterpomp,204,swp,Spoelwaterpomp,,,2016-01-28,spoelwaterpomp
Smeeroliepomp,203,sop,Smeeroliepomp,,,2016-01-28,smeeroliepomp
Slibtoevoerschroef,202,sts,Slibtoevoerschroef,,,2016-01-28,slibtoevoerschroef
Slibtoevoerpomp,201,stp,Slibtoevoerpomp,,,2016-01-28,slibtoevoerpomp
Slibcirculatiepomp,200,scp,Slibcirculatiepomp,,,2016-01-28,slibcirculatiepomp
Knooppunt rioolstelsel,20,kp-,Knooppunt rioolstelsel,,,2016-01-28,knooppunt rioolstelsel
Waterslot,2,ws-,Waterslot,,,2016-01-28,waterslot
Slibafvoerpomp,199,sap,Slibafvoerpomp,,,2016-01-28,slibafvoerpomp
Roostergoedschroef,198,rgs,Roostergoedschroef,,,2016-01-28,roostergoedschroef
Retourslibvijzel,197,rsv,Retourslibvijzel,,,2016-01-28,retourslibvijzel
Retourslibpomp,196,rsp,Retourslibpomp,,,2016-01-28,retourslibpomp
Recirculatiepomp,195,rcp,Recirculatiepomp,,,2016-01-28,recirculatiepomp
Primairslibpomp,194,psp,Primairslibpomp,,,2016-01-28,primairslibpomp
Pomp,193,p--,Pomp,,,2016-01-28,pomp
Polymeerdoseerpomp,192,pdp,Polymeerdoseerpomp,,,2016-01-28,polymeerdoseerpomp
Percolaatwaterpomp,191,pwp,Percolaatwaterpomp,,,2016-01-28,percolaatwaterpomp
Noodkoelpomp,190,nkp,Noodkoelpomp,,,2016-01-28,noodkoelpomp
Rioolstelsel,19,rss,Rioolstelsel,,,2016-01-28,rioolstelsel
Metaalzoutendoseerpomp,189,mdp,Metaalzoutendoseerpomp,,,2016-01-28,metaalzoutendoseerpomp
Lenspomp,188,lp-,Lenspomp,,,2016-01-28,lenspomp
Koelwaterpomp,187,kwp,Koelwaterpomp,,,2016-01-28,koelwaterpomp
Inlaatpomp,186,ilp,Inlaatpomp,,,2016-01-28,inlaatpomp
Ingedikt uitgegistslibpomp,185,iup,Ingedikt uitgegistslibpomp,,,2016-01-28,ingedikt uitgegistslibpomp
Ingedikt surplusslibpomp,184,isp,Ingedikt surplusslibpomp,,,2016-01-28,ingedikt surplusslibpomp
Ingedikt primairslibpomp,183,ipp,Ingedikt primairslibpomp,,,2016-01-28,ingedikt primairslibpomp
Influentvijzel,182,iv-,Influentvijzel,,,2016-01-28,influentvijzel
Influentpomp,181,ifp,Influentpomp,,,2016-01-28,influentpomp
Humusslibpomp,180,hsp,Humusslibpomp,,,2016-01-28,humusslibpomp
Veiligheidsrooster,18,vhr,Veiligheidsrooster,,,2016-01-28,veiligheidsrooster
Hevel,179,hv-,Hevel,,,2016-01-28,hevel
Gootspoelpomp,178,gsp,Gootspoelpomp,,,2016-01-28,gootspoelpomp
Gascompressor,177,gcp,Gascompressor,,,2016-01-28,gascompressor
Filtraatpomp,176,ftp,Filtraatpomp,,,2016-01-28,filtraatpomp
Effluentpomp,175,ep-,Effluentpomp,,,2016-01-28,effluentpomp
Effluentvijzel,174,ev-,Effluentvijzel,,,2016-01-28,effluentvijzel
Drijflaagafvoerpomp,173,dap,Drijflaagafvoerpomp,,,2016-01-28,drijflaagafvoerpomp
Drainagepomp,172,dp-,Drainagepomp,,,2016-01-28,drainagepomp
Compressor,171,cp-,Compressor,,,2016-01-28,compressor
Circulatiepomp-cv,170,cvp,Circulatiepomp-cv,,,2016-01-28,circulatiepomp-cv
Overloop,17,ovl,Overloop,,,2016-01-28,overloop
Chloordoseerpomp,169,cdp,Chloordoseerpomp,,,2016-01-28,chloordoseerpomp
Centrifugaatpomp,168,ctp,Centrifugaatpomp,,,2016-01-28,centrifugaatpomp
Bronwaterpomp,167,bwp,Bronwaterpomp,,,2016-01-28,bronwaterpomp
Breektankpomp,166,btp,Breektankpomp,,,2016-01-28,breektankpomp
Blower,165,bl-,Blower,,,2016-01-28,blower
Bergbezinkbassinvijzel,164,bbv,Bergbezinkbassinvijzel,,,2016-01-28,bergbezinkbassinvijzel
Bergbezinkbassinpomp,163,bbp,Bergbezinkbassinpomp,,,2016-01-28,bergbezinkbassinpomp
Bedrijfswaterpomp,162,bp-,Bedrijfswaterpomp,,,2016-01-28,bedrijfswaterpomp
Overnamepunt,161,op-,Overnamepunt,,,2016-01-28,overnamepunt
Container,160,ctr,Container,,,2016-01-28,container
Verdeelinrichting,16,vir,Verdeelinrichting,,,2016-01-28,verdeelinrichting
Elektromotor,159,em-,Elektromotor,,,2016-01-28,elektromotor
Ruimerbrugaandrijving,158,rba,Ruimerbrugaandrijving,,,2016-01-28,ruimerbrugaandrijving
Gasmotor,157,gm-,Gasmotor,,,2016-01-28,gasmotor
Spoelinrichting aandrijving,156,sia,Spoelinrichting aandrijving,,,2016-01-28,spoelinrichting aandrijving
Menger,155,mr-,Menger,,,2016-01-28,menger
Streng,154,stg,Streng,,,2016-01-28,streng
Biologisch gezuiverdwaterleiding,153,bgd,Biologisch gezuiverdwaterleiding,,,2016-01-28,biologisch gezuiverdwaterleiding
Spoelgoot,152,s--,Spoelgoot,,,2016-01-28,spoelgoot
Centrifugaatleiding,151,ctl,Centrifugaatleiding,,,2016-01-28,centrifugaatleiding
Ontwaterd slibleiding,150,osl,Ontwaterd slibleiding,,,2016-01-28,ontwaterd slibleiding
Verdeelwerk,15,vdw,Verdeelwerk,,,2016-01-28,verdeelwerk
Hydrauliekleiding,149,hdl,Hydrauliekleiding,,,2016-01-28,hydrauliekleiding
Bedrijfswaterleiding (gedesinfecteerd),148,bdg,Bedrijfswaterleiding (gedesinfecteerd),,,2016-01-28,bedrijfswaterleiding (gedesinfecteerd)
Hulpstoffenleiding,147,hl-,Hulpstoffenleiding,,,2016-01-28,hulpstoffenleiding
Meetgoot,146,m--,Meetgoot,,,2016-01-28,meetgoot
Externe afvalstoffenleiding,145,eal,Externe afvalstoffenleiding,,,2016-01-28,externe afvalstoffenleiding
Spoelwaterleiding,144,swl,Spoelwaterleiding,,,2016-01-28,spoelwaterleiding
Rookgasafvoerleiding,143,ral,Rookgasafvoerleiding,,,2016-01-28,rookgasafvoerleiding
Voorbezonkenwaterleiding,142,vbl,Voorbezonkenwaterleiding,,,2016-01-28,voorbezonkenwaterleiding
Mantelbuis,141,mb-,Mantelbuis,,,2016-01-28,mantelbuis
Metaalzoutenleiding,140,ml-,Metaalzoutenleiding,,,2016-01-28,metaalzoutenleiding
Ontvangwerk,14,ow-,Ontvangwerk,,,2016-01-28,ontvangwerk
Polymeerdoseerleiding,139,pdl,Polymeerdoseerleiding,,,2016-01-28,polymeerdoseerleiding
Ontluchtingsleiding,138,oll,Ontluchtingsleiding,,,2016-01-28,ontluchtingsleiding
Instrumentenluchtleiding,137,ill,Instrumentenluchtleiding,,,2016-01-28,instrumentenluchtleiding
Condensaatleiding,136,csl,Condensaatleiding,,,2016-01-28,condensaatleiding
Actiefslibleiding,135,asl,Actiefslibleiding,,,2016-01-28,actiefslibleiding
Roostergoedtransportleiding,134,rgl,Roostergoedtransportleiding,,,2016-01-28,roostergoedtransportleiding
Zandtransportleiding,133,ztl,Zandtransportleiding,,,2016-01-28,zandtransportleiding
Overloopleiding,132,ovg,Overloopleiding,,,2016-01-28,overloopleiding
Aardgasleiding,131,agl,Aardgasleiding,,,2016-01-28,aardgasleiding
Bypassleiding,130,bsl,Bypassleiding,,,2016-01-28,bypassleiding
Drijflaagbreker,13,db-,Drijflaagbreker,,,2016-01-28,drijflaagbreker
Gebroken drinkwaterleiding,129,gdw,Gebroken drinkwaterleiding,,,2016-01-28,gebroken drinkwaterleiding
Leegloopleiding,128,lll,Leegloopleiding,,,2016-01-28,leegloopleiding
Aflaatleiding,127,ald,Aflaatleiding,,,2016-01-28,aflaatleiding
Warmwaterleiding,126,wwl,Warmwaterleiding,,,2016-01-28,warmwaterleiding
Uitgegistslibleiding,125,usl,Uitgegistslibleiding,,,2016-01-28,uitgegistslibleiding
Cv-leiding,124,cvl,Cv-leiding,,,2016-01-28,cv-leiding
Terreinrioleringsleiding,123,trl,Terreinrioleringsleiding,,,2016-01-28,terreinrioleringsleiding
Surplusslibleiding,122,ssl,Surplusslibleiding,,,2016-01-28,surplusslibleiding
Smeerolieleiding,121,sol,Smeerolieleiding,,,2016-01-28,smeerolieleiding
Slibtoevoerleiding,120,stl,Slibtoevoerleiding,,,2016-01-28,slibtoevoerleiding
Korrelbreker,12,kb-,Korrelbreker,,,2016-01-28,korrelbreker
Slibleiding,119,sl-,Slibleiding,,,2016-01-28,slibleiding
Slibcirculatieleiding,118,scl,Slibcirculatieleiding,,,2016-01-28,slibcirculatieleiding
Slibafvoerleiding,117,sal,Slibafvoerleiding,,,2016-01-28,slibafvoerleiding
Rioolwatertransportleiding,116,rtl,Rioolwatertransportleiding,,,2016-01-28,rioolwatertransportleiding
Retourslibleiding,115,rsl,Retourslibleiding,,,2016-01-28,retourslibleiding
Bemalingsleiding,114,bml,Bemalingsleiding,,,2016-01-28,bemalingsleiding
Leidingtunnel,113,lk-,Leidingtunnel,,,2016-01-28,leidingtunnel
Proceswaterleiding,112,pwl,Proceswaterleiding,,,2016-01-28,proceswaterleiding
Procesluchtleiding,111,pll,Procesluchtleiding,,,2016-01-28,procesluchtleiding
Primairslibleiding,110,psl,Primairslibleiding,,,2016-01-28,primairslibleiding
Beluchtingsbrug,11,blb,Beluchtingsbrug,,,2016-01-28,beluchtingsbrug
Percolaatwaterleiding,109,pcl,Percolaatwaterleiding,,,2016-01-28,percolaatwaterleiding
Koelwaterleiding,108,kwl,Koelwaterleiding,,,2016-01-28,koelwaterleiding
Ingedikt uitgegistslibleiding,107,iul,Ingedikt uitgegistslibleiding,,,2016-01-28,ingedikt uitgegistslibleiding
Ingedikt surplusslibleiding,106,isl,Ingedikt surplusslibleiding,,,2016-01-28,ingedikt surplusslibleiding
Ingedikt primairslibleiding,105,ipl,Ingedikt primairslibleiding,,,2016-01-28,ingedikt primairslibleiding
Influentleiding,104,il-,Influentleiding,,,2016-01-28,influentleiding
Humusslibleiding,103,hsl,Humusslibleiding,,,2016-01-28,humusslibleiding
Biogasleiding,102,bgl,Biogasleiding,,,2016-01-28,biogasleiding
Effluentsloot,101,es-,Effluentsloot,,,2016-01-28,effluentsloot
Recirculatieleiding,100,rcl,Recirculatieleiding,,,2016-01-28,recirculatieleiding
Beluchtingselement,10,be-,Beluchtingselement,,,2016-01-28,
Spoelwaterklep,1,swk,Spoelwaterklep,,,2016-01-28,spoelwaterklep
