rwscode,dutch_name,iupac_name
1112T4ClC2a,"1,1,1,2-tetrachloorethaan","1,1,1,2-tetrachloroethane"
111TClC2a,"1,1,1-trichloorethaan","1,1,1-trichloroethane"
1122T4ClC2a,"1,1,2,2-tetrachloorethaan","1,1,2,2-tetrachloroethane"
112TClC2a,"1,1,2-trichloorethaan","1,1,2-trichloroethane"
11ClPF3OUdS,"11-chlooreicosafluor-3-oxaundecaan-1-sulfonzuur","11-chloroeicosafluoro-3-oxaundecan-1-sulfonic acid"
11DClC2a,"1,1-dichloorethaan","1,1-dichloroethane"
11DClC2e,"1,1-dichlooretheen","1,1-dichloroethene"
11DClC3a,"1,1-dichloorpropaan","1,1-dichloropropane"
11DClC3e,"1,1-dichloorpropeen","1,1-dichloropropene"
1234T4C1yBen,"1,2,3,4-tetramethylbenzeen","1,2,3,4-tetramethylbenzene"
1234T4ClBen,"1,2,3,4-tetrachloorbenzeen","1,2,3,4-tetrachlorobenzene"
1235T4C1yBen,"1,2,3,5-tetramethylbenzeen","1,2,3,5-tetramethylbenzene"
1235T4ClBen,"1,2,3,5-tetrachloorbenzeen","1,2,3,5-tetrachlorobenzene"
123TC1yBen,"1,2,3-trimethylbenzeen","1,2,3-trimethylbenzene"
123TClBen,"1,2,3-trichloorbenzeen","1,2,3-trichlorobenzene"
123TClC3a,"1,2,3-trichloorpropaan","1,2,3-trichloropropane"
123benztazl,"1,2,3-benzotriazool","1H-benzotriazole"
1245T4C1yBen,"1,2,4,5-tetramethylbenzeen","1,2,4,5-tetramethylbenzene"
1245T4ClBen,"1,2,4,5-tetrachloorbenzeen","1,2,4,5-tetrachlorobenzene"
124TC1yBen,"1,2,4-trimethylbenzeen","1,2,4-trimethylbenzene"
124TClBen,"1,2,4-trichloorbenzeen","1,2,4-trichlorobenzene"
124Tazl,"1,2,4-triazool","1,2,4-triazole"
12C3yegcl,"1,2-propyleenglycol","propane-1,2-diol"
12C4oxC2oxC2,"1-(2-butoxyethoxy)-ethanol","2-(2-butoxyethoxy)ethanol"
12DBr3ClC3a,"1,2-dibroom-3-chloorpropaan","1,2-dibromo-3-chloropropane"
12DBrC2a,"1,2-dibroomethaan","1,2-dibromoethane"
12DC2oxC2a,"1,2-diethoxyethaan (diethylglycol)","1,2-diethoxyethane"
12DClBen,"1,2-dichloorbenzeen","1,2-dichlorobenzene"
12DClC2a,"1,2-dichloorethaan","1,2-dichloroethane"
12DClC2e,"1,2-dichlooretheen","1,2-dichloroethene"
12DClC3a,"1,2-dichloorpropaan","1,2-dichloropropane"
12xyln,"1,2-xyleen","1,2-dimethylbenzene"
134DClFy3C1y,"1-(3,4-dichloorfenyl)-3-methylureum","1-(3,4-dichlorophenyl)-3-methylurea"
134DClFyurum,"1-(3,4-dichloorfenyl)ureum","1-(3,4-dichlorophenyl)urea"
135TC1yBen,"1,3,5-trimethylbenzeen","1,3,5-trimethylbenzene"
135TClBen,"1,3,5-trichloorbenzeen","1,3,5-trichlorobenzene"
135Talicaurt,"1,3,5-triallylisocyanuraat","1,3,5-triallyl-1,3,5-triazine-2,4,6-trione"
135Tazn246TA,"1,3,5-Triazine-2,4,6-triamine (Melamine)","1,3,5-triazine-2,4,6-triamine"
13DC2yBen,"1,3-diethylbenzeen","1,3-diethylbenzene"
13DClBen,"1,3-dichloorbenzeen","1,3-dichlorobenzene"
13DClC3a,"1,3-dichloorpropaan","1,3-dichloropropane"
13DClC3e,"1,3-dichloorpropeen","1,3-dichloropropene"
13DFygandne,"1,3-difenylguanidine","1,3-diphenylguanidine"
13DactBen,"1,3-diacetylbenzeen","1,3-diacetylbenzene"
13xyln,"1,3-xyleen","1,3-dimethylbenzene"
14DC1y25DiC3,"1,4-dimethyl-2,5-diisopropylbenzeen","1,4-dimethyl-2,5-diisopropylbenzene"
14DC1yNaf,"1,4-dimethylnaftaleen","1,4-dimethylnaphthalene"
14DC2yBen,"1,4-diethylbenzeen","1,4-diethylbenzene"
14DClBen,"1,4-dichloorbenzeen","1,4-dichlorobenzene"
14DOxan,"1,4-dioxaan","1,4-dioxane"
14DactBen,"1,4-diacetylbenzeen","1,4-diacetylbenzene"
14iC3yFyurum,"1-(4-isopropylfenyl)ureum","1-(4-isopropylphenyl)urea"
14xyln,"1,4-xyleen","1,4-dimethylbenzene"
17aestDol,"17alpha-estradiol","17α-estradiol"
17bestDol,"17beta-estradiol","17β-estradiol"
1AoC3a,"1-aminopropaan","1-aminopropane"
1C16ol,"1-hexadecanol","1-hexadecanol"
1C1yC12yBen,"1-methyldodecylbenzeen","1-methyl-4-dodecylbenzene"
1C1yNaf,"1-methylnaftaleen","1-methylnaphthalene"
1C2yididn,"1-ethylideenindeen","1-ethylideneindene"
1C3atol,"1-propaanthiol","1-propanethiol"
1C3ol2ClPO4,"1-propanol-2-chloorfosfaat","propyl 2-chlorophosphate"
1C3yBen,"1-propylbenzeen","1-propylbenzene"
1C4atol,"1-butaanthiol","1-butanethiol"
1ClC3a,"1-chloorpropaan","1-chloropropane"
1Fy1C5e3on,"1-fenyl-1-penteen-3-on","1-phenyl-1-penten-3-one"
1Nafsfzr,"1-naftaleensulfonzuur","1-naphthalenesulfonic acid"
1iC3y4C1yBen,"1-isopropyl-4-methyl-benzeen","1-isopropyl-4-methylbenzene"
2255T4C4yT4H,"2,2,5,5,-tetramethyl-tetrahydrofuran","2,2,5,5-tetramethyltetrahydrofuran"
22C4oxC2ox02,"2-(2-butoxyethoxy)ethylacetaat","2-(2-butoxyethoxy)ethyl acetate"
22DClC3a,"2,2-dichloorpropaan","2,2-dichloropropane"
22DClppozr,"2,2-dichloorpropionzuur","2,2-dichloropropanoic acid"
2345T4ClAn,"2,3,4,5-tetrachlooraniline","2,3,4,5-tetrachloroaniline"
2345T4ClFol,"2,3,4,5-tetrachloorfenol","2,3,4,5-tetrachlorophenol"
2346T4ClFol,"2,3,4,6-tetrachloorfenol","2,3,4,6-tetrachlorophenol"
234TClAn,"2,3,4-trichlooraniline","2,3,4-trichloroaniline"
234TClFol,"2,3,4-trichloorfenol","2,3,4-trichlorophenol"
2356T4ClAn,"2,3,5,6-tetrachlooraniline","2,3,5,6-tetrachloroaniline"
2356T4ClFol,"2,3,5,6-tetrachloorfenol","2,3,5,6-tetrachlorophenol"
235TC1yFol,"2,3,5-trimethylfenol","2,3,5-trimethylphenol"
235TClFol,"2,3,5-trichloorfenol","2,3,5-trichlorophenol"
236TClFol,"2,3,6-trichloorfenol","2,3,6-trichlorophenol"
23DC1yFol,"2,3-dimethylfenol","2,3-dimethylphenol"
23DClAn,"2,3-dichlooraniline","2,3-dichloroaniline"
23DClC3e,"2,3-dichloorpropeen","2,3-dichloropropene"
23DClFol,"2,3-dichloorfenol","2,3-dichlorophenol"
23DClFyiCN,"2,3-dichloorfenylisocyanaat","2,3-dichlorophenyl isocyanate"
23DHindl2on,"2,3-dihydroindol-2-on","2,3-dihydro-1H-indol-2-one"
245T,"2,4,5-trichloorfenoxyazijnzuur","2,4,5-trichlorophenoxyacetic acid"
245TClAn,"2,4,5-trichlooraniline","2,4,5-trichloroaniline"
245TClFol,"2,4,5-trichloorfenol","2,4,5-trichlorophenol"
245TP,"2,4,5-trichloorfenoxypropionzuur","2,4,5-trichlorophenoxypropionic acid"
246TBrFol,"2,4,6-tribroomfenol","2,4,6-tribromophenol"
246TC1yFol,"2,4,6-trimethylfenol","2,4,6-trimethylphenol"
246TClAn,"2,4,6-trichlooraniline","2,4,6-trichloroaniline"
246TClFol,"2,4,6-trichloorfenol","2,4,6-trichlorophenol"
2479T4C1y5dc,"2,4,7,9-tetramethyl-5-decyn-4,7-diol","2,4,7,9-tetramethyl-5-decyne-4,7-diol"
24D,"2,4-dichloorfenoxyazijnzuur","2,4-dichlorophenoxyacetic acid"
24DB,"2,4-dichloorfenoxyboterzuur","2,4-dichlorophenoxybutyric acid"
rwscode,dutch_name,iupac_name
1112T4ClC2a,"1,1,1,2-tetrachloorethaan","1,1,1,2-tetrachloroethane"
111TClC2a,"1,1,1-trichloorethaan","1,1,1-trichloroethane"
1122T4ClC2a,"1,1,2,2-tetrachloorethaan","1,1,2,2-tetrachloroethane"
112TClC2a,"1,1,2-trichloorethaan","1,1,2-trichloroethane"
11ClPF3OUdS,"11-chlooreicosafluor-3-oxaundecaan-1-sulfonzuur","11-chloroeicosafluoro-3-oxaundecan-1-sulfonic acid"
11DClC2a,"1,1-dichloorethaan","1,1-dichloroethane"
11DClC2e,"1,1-dichlooretheen","1,1-dichloroethene"
11DClC3a,"1,1-dichloorpropaan","1,1-dichloropropane"
11DClC3e,"1,1-dichloorpropeen","1,1-dichloropropene"
1234T4C1yBen,"1,2,3,4-tetramethylbenzeen","1,2,3,4-tetramethylbenzene"
1234T4ClBen,"1,2,3,4-tetrachloorbenzeen","1,2,3,4-tetrachlorobenzene"
1235T4C1yBen,"1,2,3,5-tetramethylbenzeen","1,2,3,5-tetramethylbenzene"
1235T4ClBen,"1,2,3,5-tetrachloorbenzeen","1,2,3,5-tetrachlorobenzene"
123TC1yBen,"1,2,3-trimethylbenzeen","1,2,3-trimethylbenzene"
123TClBen,"1,2,3-trichloorbenzeen","1,2,3-trichlorobenzene"
123TClC3a,"1,2,3-trichloorpropaan","1,2,3-trichloropropane"
123benztazl,"1,2,3-benzotriazool","1H-benzotriazole"
1245T4C1yBen,"1,2,4,5-tetramethylbenzeen","1,2,4,5-tetramethylbenzene"
1245T4ClBen,"1,2,4,5-tetrachloorbenzeen","1,2,4,5-tetrachlorobenzene"
124TC1yBen,"1,2,4-trimethylbenzeen","1,2,4-trimethylbenzene"
124TClBen,"1,2,4-trichloorbenzeen","1,2,4-trichlorobenzene"
124Tazl,"1,2,4-triazool","1,2,4-triazole"
12C3yegcl,"1,2-propyleenglycol","propane-1,2-diol"
12C4oxC2oxC2,"1-(2-butoxyethoxy)-ethanol","2-(2-butoxyethoxy)ethanol"
12DBr3ClC3a,"1,2-dibroom-3-chloorpropaan","1,2-dibromo-3-chloropropane"
12DBrC2a,"1,2-dibroomethaan","1,2-dibromoethane"
12DC2oxC2a,"1,2-diethoxyethaan (diethylglycol)","1,2-diethoxyethane"
12DClBen,"1,2-dichloorbenzeen","1,2-dichlorobenzene"
12DClC2a,"1,2-dichloorethaan","1,2-dichloroethane"
12DClC2e,"1,2-dichlooretheen","1,2-dichloroethene"
12DClC3a,"1,2-dichloorpropaan","1,2-dichloropropane"
12xyln,"1,2-xyleen","1,2-dimethylbenzene"
134DClFy3C1y,"1-(3,4-dichloorfenyl)-3-methylureum","1-(3,4-dichlorophenyl)-3-methylurea"
134DClFyurum,"1-(3,4-dichloorfenyl)ureum","1-(3,4-dichlorophenyl)urea"
135TC1yBen,"1,3,5-trimethylbenzeen","1,3,5-trimethylbenzene"
135TClBen,"1,3,5-trichloorbenzeen","1,3,5-trichlorobenzene"
135Talicaurt,"1,3,5-triallylisocyanuraat","1,3,5-triallyl-1,3,5-triazine-2,4,6-trione"
135Tazn246TA,"1,3,5-Triazine-2,4,6-triamine (Melamine)","1,3,5-triazine-2,4,6-triamine"
13DC2yBen,"1,3-diethylbenzeen","1,3-diethylbenzene"
13DClBen,"1,3-dichloorbenzeen","1,3-dichlorobenzene"
13DClC3a,"1,3-dichloorpropaan","1,3-dichloropropane"
13DClC3e,"1,3-dichloorpropeen","1,3-dichloropropene"
13DFygandne,"1,3-difenylguanidine","1,3-diphenylguanidine"
13DactBen,"1,3-diacetylbenzeen","1,3-diacetylbenzene"
13xyln,"1,3-xyleen","1,3-dimethylbenzene"
14DC1y25DiC3,"1,4-dimethyl-2,5-diisopropylbenzeen","1,4-dimethyl-2,5-diisopropylbenzene"
14DC1yNaf,"1,4-dimethylnaftaleen","1,4-dimethylnaphthalene"
14DC2yBen,"1,4-diethylbenzeen","1,4-diethylbenzene"
14DClBen,"1,4-dichloorbenzeen","1,4-dichlorobenzene"
14DOxan,"1,4-dioxaan","1,4-dioxane"
14DactBen,"1,4-diacetylbenzeen","1,4-diacetylbenzene"
14iC3yFyurum,"1-(4-isopropylfenyl)ureum","1-(4-isopropylphenyl)urea"
14xyln,"1,4-xyleen","1,4-dimethylbenzene"
17aestDol,"17alpha-estradiol","17α-estradiol"
17bestDol,"17beta-estradiol","17β-estradiol"
1AoC3a,"1-aminopropaan","1-aminopropane"
1C16ol,"1-hexadecanol","1-hexadecanol"
1C1yC12yBen,"1-methyldodecylbenzeen","1-methyl-4-dodecylbenzene"
1C1yNaf,"1-methylnaftaleen","1-methylnaphthalene"
1C2yididn,"1-ethylideenindeen","1-ethylideneindene"
1C3atol,"1-propaanthiol","1-propanethiol"
1C3ol2ClPO4,"1-propanol-2-chloorfosfaat","propyl 2-chlorophosphate"
1C3yBen,"1-propylbenzeen","1-propylbenzene"
1C4atol,"1-butaanthiol","1-butanethiol"
1ClC3a,"1-chloorpropaan","1-chloropropane"
1Fy1C5e3on,"1-fenyl-1-penteen-3-on","1-phenyl-1-penten-3-one"
1Nafsfzr,"1-naftaleensulfonzuur","1-naphthalenesulfonic acid"
1iC3y4C1yBen,"1-isopropyl-4-methyl-benzeen","1-isopropyl-4-methylbenzene"
2255T4C4yT4H,"2,2,5,5,-tetramethyl-tetrahydrofuran","2,2,5,5-tetramethyltetrahydrofuran"
22C4oxC2ox02,"2-(2-butoxyethoxy)ethylacetaat","2-(2-butoxyethoxy)ethyl acetate"
22DClC3a,"2,2-dichloorpropaan","2,2-dichloropropane"
22DClppozr,"2,2-dichloorpropionzuur","2,2-dichloropropanoic acid"
2345T4ClAn,"2,3,4,5-tetrachlooraniline","2,3,4,5-tetrachloroaniline"
2345T4ClFol,"2,3,4,5-tetrachloorfenol","2,3,4,5-tetrachlorophenol"
2346T4ClFol,"2,3,4,6-tetrachloorfenol","2,3,4,6-tetrachlorophenol"
234TClAn,"2,3,4-trichlooraniline","2,3,4-trichloroaniline"
234TClFol,"2,3,4-trichloorfenol","2,3,4-trichlorophenol"
2356T4ClAn,"2,3,5,6-tetrachlooraniline","2,3,5,6-tetrachloroaniline"
2356T4ClFol,"2,3,5,6-tetrachloorfenol","2,3,5,6-tetrachlorophenol"
235TC1yFol,"2,3,5-trimethylfenol","2,3,5-trimethylphenol"
235TClFol,"2,3,5-trichloorfenol","2,3,5-trichlorophenol"
236TClFol,"2,3,6-trichloorfenol","2,3,6-trichlorophenol"
23DC1yFol,"2,3-dimethylfenol","2,3-dimethylphenol"
23DClAn,"2,3-dichlooraniline","2,3-dichloroaniline"
23DClC3e,"2,3-dichloorpropeen","2,3-dichloropropene"
23DClFol,"2,3-dichloorfenol","2,3-dichlorophenol"
23DClFyiCN,"2,3-dichloorfenylisocyanaat","2,3-dichlorophenyl isocyanate"
23DHindl2on,"2,3-dihydroindol-2-on","2,3-dihydro-1H-indol-2-one"
245T,"2,4,5-trichloorfenoxyazijnzuur","2,4,5-trichlorophenoxyacetic acid"
245TClAn,"2,4,5-trichlooraniline","2,4,5-trichloroaniline"
245TClFol,"2,4,5-trichloorfenol","2,4,5-trichlorophenol"
245TP,"2,4,5-trichloorfenoxypropionzuur","2,4,5-trichlorophenoxypropionic acid"
246TBrFol,"2,4,6-tribroomfenol","2,4,6-tribromophenol"
246TC1yFol,"2,4,6-trimethylfenol","2,4,6-trimethylphenol"
246TClAn,"2,4,6-trichlooraniline","2,4,6-trichloroaniline"
246TClFol,"2,4,6-trichloorfenol","2,4,6-trichlorophenol"
2479T4C1y5dc,"2,4,7,9-tetramethyl-5-decyn-4,7-diol","2,4,7,9-tetramethyl-5-decyne-4,7-diol"
24D,"2,4-dichloorfenoxyazijnzuur","2,4-dichlorophenoxyacetic acid"
24DB,"2,4-dichloorfenoxyboterzuur","2,4-dichlorophenoxybutyric acid"
24DC1yFol,"2,4-dimethylfenol","2,4-dimethylphenol"
24DClAn,"2,4-dichlooraniline","2,4-dichloroaniline"
24DClFol,"2,4-dichloorfenol","2,4-dichlorophenol"
24DDD,"2,4'-dichloordifenyldichloorethaan","2,4'-dichlorodiphenyldichloroethane"
24DDE,"2,4'-dichloordifenyldichlooretheen","2,4'-dichlorodiphenyldichloroethene"
24DDT,"2,4'-dichloordifenyltrichloorethaan","2,4'-dichlorodiphenyltrichloroethane"
24DNO2Fol,"2,4-dinitrofenol","2,4-dinitrophenol"
24DP,"2,4-dichloorfenoxypropionzuur","2,4-dichlorophenoxypropionic acid"
24DttC4yFol,"2,4-di-tertiair-butylfenol","2,4-di-tert-butylphenol"
25811T4OaC12,"2,5,8,11-tetraoxadodecaan","2,5,8,11-tetraoxadodecane"
25DC1yFol,"2,5-dimethylfenol","2,5-dimethylphenol"
25DClAn,"2,5-dichlooraniline","2,5-dichloroaniline"
261014T4C102,"2,6,10,14-tetramethylhexadecaan","2,6,10,14-tetramethylhexadecane"
26DC1yFol,"2,6-dimethylfenol","2,6-dimethylphenol"
26DC1yqnlne,"2,6-dimethylquinoline","2,6-dimethylquinoline"
26DCl4NO2An,"2,6-dichloor-4-nitroaniline","2,6-dichloro-4-nitroaniline"
26DClAn,"2,6-dichlooraniline","2,6-dichloroaniline"
26DClBenAd,"2,6-dichloorbenzamide","2,6-dichlorobenzamide"
26DClFol,"2,6-dichloorfenol","2,6-dichlorophenol"
26DttC4y14be,"2,6-di-tert-butyl-1,4-benzochinon","2,6-di-tert-butyl-1,4-benzoquinone"
26DttC4yFol,"2,6-di-tert-butylfenol","2,6-di-tert-butylphenol"
26xyldne,"2,6-xylidine","2,6-dimethylaniline"
2Aoactfnn,"2-aminoacetofenon","2-aminoacetophenone"
2C1oxC2yactt,"2-methoxyethylacetaat","2-methoxyethyl acetate"
2C1oxC3yactt,"2-methoxypropylacetaat","2-methoxypropyl acetate"
2C1y1Fy2C3ol,"2-methyl-1-fenyl-2-propanol","2-methyl-1-phenyl-2-propanol"
2C1y2bztazl,"2-methyl-2-benzotriazool","2-methyl-2H-benzotriazole"
2C1y5NO2imdz,"2-methyl-5-nitroimidazool","2-methyl-5-nitroimidazole"
2C1yC3ol,"2-methylpropanol (iso-butanol)","2-methylpropanol"
2C1yNaf,"2-methylnaftaleen","2-methylnaphthalene"
2C1yqnlne,"2-methylquinoline","2-methylquinoline"
2C1ytobztazl,"2-methylthiobenzothiazool","2-(methylthio)benzothiazole"
2C2ox2C1yC3a,"2-ethoxy-2-methylpropaan","2-ethoxy-2-methylpropane"
2C2y1C6ol,"2-ethyl-1-hexanol","2-ethylhexanol"
2C2yC6y4C1ox,"2-ethylhexyl-4-methoxycinnamaat","2-ethylhexyl 4-methoxycinnamate"
2C2yC6yNO3,"2-ethylhexylnitraat","2-ethylhexyl nitrate"
2C2yFol,"2-ethylfenol","2-ethylphenol"
2C2yTol,"2-ethyltolueen","2-ethyltoluene"
2C3ol,"2-propanol","2-propanol"
2C3yFol,"2-propylfenol","2-propylphenol"
2C4ol,"2-butanol","2-butanol"
2C4on,"2-butanon (MEK)","2-butanone"
2C5on,"2-pentanon","2-pentanone"
2C7on,"2-heptanon","2-heptanone"
2Cl4C1yAn,"2-chloor-4-methylaniline","2-chloro-4-methylaniline"
2ClAn,"2-chlooraniline","2-chloroaniline"
2ClFol,"2-chloorfenol","2-chlorophenol"
2ClTol,"2-chloortolueen","2-chlorotoluene"
2Cy12C3eal,"2-methyl-2 propenal","2-methylpropenal"
2FyFol,"2-fenylfenol","2-phenylphenol"
2HOxatzne,"2-hydroxyatrazine","2-hydroxyatrazine"
2HOxbenztazl,"2-hydroxybenzothiazol","2-hydroxybenzothiazole"
2HOxibpfn,"2-hydroxyibuprofen","2-hydroxyibuprofen"
2NO2Fol,"2-nitrofenol","2-nitrophenol"
2NO2pcsl,"2-nitro-p-cresol","2-nitro-p-cresol"
2Nafsfzr,"2-naftaleensulfonzuur","2-naphthalenesulfonic acid"
2PFC6yC2a1sf,"2-(perfluorhexyl)ethaan-1-sulfonzuur (6:2 FTS)","2-(perfluorohexyl)ethane-1-sulfonic acid"
2benztazetol,"2-benzothiazolethiol","2-benzothiazolethiol"
2fenOxC2ol,"2-fenoxyethanol","2-phenoxyethanol"
2iC3yFol,"2-isopropylfenol","2-isopropylphenol"
2ttC4yFol,"2-tert-butylfenol","2-tert-butylphenol"
345TClAn,"3,4,5-trichlooraniline","3,4,5-trichloroaniline"
345TClFol,"3,4,5-trichloorfenol","3,4,5-trichlorophenol"
34DC1yFol,"3,4-dimethylfenol","3,4-dimethylphenol"
34DClAn,"3,4-dichlooraniline","3,4-dichloroaniline"
34DClFol,"3,4-dichloorfenol","3,4-dichlorophenol"
35DC1yFol,"3,5-dimethylfenol","3,5-dimethylphenol"
35DClAn,"3,5-dichlooraniline","3,5-dichloroaniline"
35DClFol,"3,5-dichloorfenol","3,5-dichlorophenol"
371115T4C1y1,"3,7,11,15-tetramethyl-1hexadecanol","3,7,11,15-tetramethylhexadecanol"
3Ao25DClbzez,"3-amino-2,5-dichloor-benzoezuur","3-amino-2,5-dichlorobenzoic acid"
3C1yPppozr,"3-(hydroxymethylfosfinoyl)propionzuur","3-(hydroxymethylphosphinoyl)propionic acid"
3C1yidl,"3-methylindool","3-methylindole"
3C1yprdne,"3-methylpyridine","3-methylpyridine"
3C2y4C1yprl2,"3-ethyl-4-methylpyrrol-2,5-dion","3-ethyl-4-methylpyrrole-2,5-dione"
3C2yFol,"3-ethylfenol","3-ethylphenol"
3C2yTol,"3-ethyltolueen","3-ethyltoluene"
3C5on,"3-pentanon","3-pentanone"
3C7on,"3-heptanon","3-heptanone"
3Cl4C1oxAn,"3-chloor-4-methoxyaniline","3-chloro-4-methoxyaniline"
3Cl4C1yAn,"3-chloor-4-methylaniline","3-chloro-4-methylaniline"
3Cl4C1yFyura,"(3-chloor-4-methylfenyl)urea","(3-chloro-4-methylphenyl)urea"
3ClAn,"3-chlooraniline","3-chloroaniline"
3ClC3e,"3-chloorpropeen","3-chloropropene"
3ClFol,"3-chloorfenol","3-chlorophenol"
3ClTol,"3-chloortolueen","3-chlorotoluene"
3HOxcbfrn,"3-hydroxycarbofuran","3-hydroxycarbofuran"
3ketcbfrn,"3-ketocarbofuraan","3-ketocarbofuran"
3ttC4yFol,"3-tertiair-butylfenol","3-tert-butylphenol"
3vn4C1yprl25,"3-vinyl-4-methylpyrrool-2,5-dion","3-vinyl-4-methylpyrrole-2,5-dione"
4-PFECHS,"decafluor-4-(1,1,2,2,2-pentafluorethyl)cyclohexaansulfonzuur","decafluoro-4-(1,1,2,2,2-pentafluoroethyl)cyclohexanesulfonic acid"
41HOx1C1yC2y,"4-(1-hydroxy-1-methylethyl)-acetofenon","4-(1-hydroxy-1-methylethyl)acetophenone"
42FTOH,"2-(Perfluorbutyl)ethanol","2-(perfluorobutyl)ethanol"
42monoPAP,"4:2 fluortelomerfosfaatmonoester","4:2 fluorotelomer phosphate monoester"
44DClbzfnn,"4,4'-dichloorbenzofenon","4,4'-dichlorobenzophenone"
44DDD,"4,4'-dichloordifenyldichloorethaan","4,4'-dichlorodiphenyldichloroethane"
44DDE,"4,4'-dichloordifenyldichlooretheen","4,4'-dichlorodiphenyldichloroethene"
44DDT,"4,4'-dichloordifenyltrichloorethaan","4,4'-dichlorodiphenyltrichloroethane"
44sulfnDFol,"4,4'-sulfonyldifenol","4,4'-sulfonyldiphenol"
45DCl2C8y2Hi,"4,5-dichloor-2-octyl-2H-isothiazool-3-on","4,5-dichloro-2-octyl-2H-isothiazol-3-one"
4C1y2C5on,"4-methyl-2-pentanon (MIBK)","4-methyl-2-pentanone"
C1yfpp,"methylflamprop","methyl flamprop"
C1yitoCN,"methylisothiocyanaat","methyl isothiocyanate"
C1ymsfrn,"methyl-metsulfuron","methyl metsulfuron"
C1ymtclt,"methylmethacrylaat","methyl methacrylate"
C1yprmfs,"methylpirimifos","methyl pirimiphos"
C1yprton,"methylparathion","methyl parathion"
C1yttC4yEtr,"methyl-tertiair-butylether","methyl tert-butyl ether"
C2OH,"ethanol","ethanol"
C2atol,"ethaanthiol","ethanethiol"
C2e,"etheen","ethene"
C2oxC2yactt,"ethoxyethylacetaat","ethoxyethyl acetate"
C2oxsfrn,"ethoxysulfuron","ethoxysulfuron"
C2y2C1yBensf,"ethyl-2-methylbenzeensulfonamide","ethyl 2-methylbenzenesulfonamide"
C2y44DClbzlt,"ethyl-4,4'-dichloorbenzilaat","ethyl 4,4'-dichlorobenzilate"
C2yAe,"ethylamine","ethylamine"
C2yBen,"ethylbenzeen","ethylbenzene"
C2yBrfs,"ethylbromofos","ethyl bromophos"
C2yClprfs,"ethylchloorpyrifos","ethyl chlorpyrifos"
C2yactt,"ethylacetaat","ethyl acetate"
C2yazfs,"ethylazinfos","ethyl azinphos"
C2yeO,"ethyleenoxide","ethylene oxide"
C2yetourum,"ethyleenthioureum","ethylene thiourea"
C2yprmfs,"ethylpirimifos","ethyl pirimiphos"
C2yprton,"ethylparathion","ethyl parathion"
C3ol,"propanol","propanol"
C4ol,"butanol","butanol"
C4yBen,"butylbenzeen","butylbenzene"
C4yBensfAd,"butylbenzeensulfonamide","butylbenzenesulfonamide"
C4yactt,"butylacetaat","butyl acetate"
C4yat,"butylaat","butylate"
C5a,"pentaan","pentane"
C5al,"pentanal (n-valeraldehyde)","pentanal"
C6a,"hexaan","hexane"
C6azr,"hexaanzuur","hexanoic acid"
C7a,"heptaan","heptane"
C8a,"octaan","octane"
C9a,"nonaan","nonane"
C9azr,"nonaanzuur","nonanoic acid"
C9yFol,"nonylfenol","nonylphenol"
CATCANBTRDLG,"Categorie Cyanobacteriedrijflaag","Category Cyanobacteria floating layer"
CFK11,"trichloorfluormethaan","trichlorofluoromethane"
CFK113,"1,1,2-trichloor-1,2,2-trifluorethaan","1,1,2-trichloro-1,2,2-trifluoroethane"
CFK12,"dichloordifluormethaan","dichlorodifluoromethane"
CHLFa,"chlorofyl-a","chlorophyll a"
CHLFb,"chlorofyl-b","chlorophyll b"
CN,"cyanide","cyanide"
CNazne,"cyanazine","cyanazine"
CNgandne,"cyaanguanidine","cyanoguanidine"
CNuzr,"cyanuurzuur","cyanuric acid"
CNvrij,"cyanide-vrij","free cyanide"
CO2,"kooldioxide","carbon dioxide"
CO3,"carbonaat","carbonate"
CS2,"koolstofdisulfide","carbon disulfide"
CUSP,"Cuspidothrix","Cuspidothrix"
CYANBTRDLG,"Cyanobacteriedrijflaag","Cyanobacteria floating layer"
CYLI,"Cylindrospermopsis","Cylindrospermopsis"
CZV,"Chemisch zuurstofverbruik","Chemical oxygen demand"
Ca,"calcium","calcium"
CaCO3,"calciumcarbonaat","calcium carbonate"
Canorg,"koolstof anorganisch","inorganic carbon"
Cd,"cadmium","cadmium"
Ce,"cerium","cerium"
Ce144,"cerium 144","cerium-144"
Chr,"chryseen","chrysene"
Cl,"chloride","chloride"
ClAeT,"chlooramine-T","chloramine-T"
ClBen,"chloorbenzeen","chlorobenzene"
ClC1a,"chloormethaan","chloromethane"
ClC2a,"chloorethaan","chloroethane"
ClC2e,"chlooretheen (vinylchloride)","chloroethene"
ClC3yat,"chloorpropylaat","chloropropylate"
ClHAc,"chloorazijnzuur","chloroacetic acid"
ClOxnl,"chlooroxynil","chloroxynil"
ClT4ccne,"chloortetracycline","chlortetracycline"
Clafncl,"chlooramfenicol","chloramphenicol"
Clbfm,"chloorbufam","chlorbufam"
Clbmrn,"chloorbromuron","chlorbromuron"
Clbsde,"chloorbenside","chlorbenside"
Cldn,"chloordaan","chlordane"
Clfapr,"chloorfenapyr","chlorfenapyr"
Clfazrn,"chloorfluazuron","chlorfluazuron"
Clfsn,"chloorfenson","chlorfenson"
Clfvfs,"chloorfenvinfos","chlorfenvinphos"
Clidzn,"chloridazon","chloridazon"
Clmfs,"chloormefos","chlormephos"
ClmqCl,"chloormequatchloride","chlormequat chloride"
Cloxrn,"chlooroxuron","chloroxuron"
Clpfm,"chloorprofam","chlorpropham"
Clsfrn,"chloorsulfuron","chlorsulfuron"
CltaAd,"chloorthiamide","chlorthiamid"
Cltlnl,"chloorthalonil","chlorothalonil"
Cltlrn,"chloortoluron","chlortoluron"
Co,"kobalt","cobalt"
Co58,"kobalt 58","cobalt-58"
Co60,"kobalt 60","cobalt-60"
Corg,"koolstof organisch","organic carbon"
CoxC1yTC8yOH,"Carboxymethyldimethyl-3-[[(3,3,4,4,5,5,6,6,7,7,8,8,8-tridecafluoroctyl)sulfonyl]amino]propylammonium","carboxymethyldimethyl-3-[[(3,3,4,4,5,5,6,6,7,7,8,8,8-tridecafluorooctyl)sulfonyl]amino]propylammonium"
Cr,"chroom","chromium"
CrVI,"chroom (zeswaardig)","hexavalent chromium"
Cs,"cesium","cesium"
Cs134,"cesium 134","cesium-134"
Cs137,"cesium 137","cesium-137"
Cu,"koper","copper"
DBahAnt,"dibenzo(a,h)antraceen","dibenzo[a,h]anthracene"
DBrC1a,"dibroommethaan","dibromomethane"
DBrClC1a,"dibroomchloormethaan","dibromochloromethane"
DBrClHAc,"dibroomchloorazijnzuur","dibromochloroacetic acid"
DBrHAc,"dibroomazijnzuur","dibromoacetic acid"
DC1oxC1a,"dimethoxymethaan","dimethoxymethane"
DC1yAe,"dimethylamine","dimethylamine"
DC1yDS,"dimethyldisulfide","dimethyl disulfide"
DC1yFt,"dimethylftalaat","dimethyl phthalate"
DC1yS,"dimethylsulfide","dimethyl sulfide"
DC1yfAd,"dimethylformamide","dimethylformamide"
DC1ysAd,"dimethylsulfamide","dimethylsulfamide"
DC2yEtr,"diethylether","diethyl ether"
DC2yFt,"diethylftalaat","diethyl phthalate"
DC2yegcl,"diethyleenglycol","diethylene glycol"
DC3yFt,"dipropylftalaat","dipropyl phthalate"
DC4yFt,"dibutylftalaat","dibutyl phthalate"
DC4ySn,"dibutyltin (kation)","dibutyltin"
DC5yFt,"dipentylftalaat","dipentyl phthalate"
DC6yFt,"dihexylftalaat","dihexyl phthalate"
DC7yFt,"diheptylftalaat","diheptyl phthalate"
DC8yFt,"dioctylftalaat","dioctyl phthalate"
DC9yFt,"dinonylftalaat","dinonyl phthalate"
DClBrC1a,"dichloorbroommethaan","dichlorobromomethane"
DClC1a,"dichloormethaan","dichloromethane"
DClHAc,"dichloorazijnzuur","dichloroacetic acid"
DClfn,"dichloorfeen","dichlorphen"
DClppP,"dichloorprop-P","dichlorprop-P"
DClvs,"dichloorvos","dichlorvos"
DDPA,"verdyl acetaat","verdyl acetate"
DEELMSR,"Deelmonster","Subsample"
DEET,"diethyltoluamide","N,N-diethyl-meta-toluamide"
DEHP,"bis(2-ethylhexyl)ftalaat (DEHP)","bis(2-ethylhexyl) phthalate"
DFyAe,"difenylamine","diphenylamine"
DFySn,"difenyltin (kation)","diphenyltin"
DIERSR,"Dierenspoor","Animal tracks"
DMST,"4-dimethylaminosulfotoluidide","4-(dimethylamino)sulfotoluidide"
DNOC,"4,6-dinitro-o-cresol","4,6-dinitro-o-cresol"
DOLIC1,"Dolichospermum [1]","Dolichospermum"
DONA,"trifluor-3-(hexafluor-3-(trifluormethoxy)propoxy)propaanzuur","4,8-dioxa-3H-perfluorononanoic acid"
DOacb,"dioxacarb","dioxacarb"
DOxbzfs,"dioxabenzofos","dioxabenzophos"
DOxton,"dioxathion","dioxathion"
DPMI,"cashmeran","cashmeran"
DRAADAGN,"Draadalgen","Filamentous algae"
DRIJFBPTN,"Drijfbladplanten","Floating leaf plants"
DS,"Droge stof","Dry matter"
DTPA,"di-ethyleentriaminepentaazijnzuur (DTPA)","diethylenetriaminepentaacetic acid"
Dalfs,"dialifos","dialifos"
Dalt,"diallaat","diallate"
Daznn,"diazinon","diazinon"
Dbzfrn,"dibenzofuran","dibenzofuran"
Dcba,"dicamba","dicamba"
Dcbnl,"dichlobenil","dichlobenil"
Dcbtzl,"diclobutrazool","diclobutrazole"
DccC6yFt,"dicyclohexylftalaat","dicyclohexyl phthalate"
DccC6ySn,"dicyclohexyltin (kation)","dicyclohexyltin"
DccPeDen,"dicyclopentadieen","dicyclopentadiene"
DcfC1y,"diclofop-methyl","diclofop-methyl"
Dcfande,"dichlofluanide","dichlofluanid"
Dcfl,"dicofol","dicofol"
Dcfton,"dichlofenthion","dichlofenthion"
Dclofnc,"diclofenac","diclofenac"
Dcloxclne,"dicloxacilline","dicloxacillin"
Dctfs,"dicrotofos","dicrotophos"
Detfcb,"diethofencarb","diethofencarb"
DettC2y,"diethatylethyl","diethatyl-ethyl"
DfAd,"difenamide","diphenamid"
Dfbzrn,"diflubenzuron","diflubenzuron"
Dffncn,"diflufenican","diflufenican"
Dfncm,"difenacoum","difenacoum"
Dfncnzl,"difenoconazool","difenoconazole"
Dfnxrn,"difenoxuron","difenoxuron"
Dfturn,"diafenthiuron","diafenthiuron"
Dfysfn,"difenylsulfon","diphenylsulfone"
Dfzqt,"difenzoquat","difenzoquat"
DiC3yEtr,"diisopropylether","diisopropyl ether"
DiC3yFt,"diisopropylftalaat","diisopropyl phthalate"
DiC4yFt,"diisobutylftalaat","diisobutyl phthalate"
Dikglc,"dikegulac","dikegulac"
DmTdzl,"dimetridazol","dimetridazole"
Dmfrn,"dimefuron","dimefuron"
DmtAd,"dimethenamide","dimethenamid"
DmtCl,"dimethachloor","dimethenamid"
Dmtat,"dimethoaat","dimethoate"
Dmtmf,"dimethomorf","dimethomorph"
DmtnmdC2asfz,"dimethenamid ethaansulfonzuur","dimethenamid ethanesulfonic acid"
DmtnmdP,"dimethenamid-P","dimethenamid-P"
Dmtrml,"dimethirimol","dimethirimol"
Dmxsbne,"dimoxystrobine","dimoxystrobin"
Dnbtn,"dinobuton","dinobuton"
Dncnzl,"diniconazool","diniconazole"
Dncp,"dinocap","dinocap"
Dnsb,"dinoseb","dinoseb"
Dntb,"dinoterb","dinoterb"
Dntfrn,"dinotefuran","dinotefuran"
Dpyrdml,"dipyridamol","dipyridamole"
DqBr,"diquatdibromide","diquat dibromide"
DqDBrH2O,"diquatdibromide-monohydraat","diquat dibromide monohydrate"
Dqt,"diquat","diquat"
Dsftn,"disulfoton","disulfoton"
Dsftsfn,"disulfoton-sulfon","disulfoton sulfone"
Dtann,"dithianon","dithianon"
Dtlfs,"ditalimfos","ditalimphos"
Durn,"diuron","diuron"
Dy,"dysprosium","dysprosium"
E-mfmzn,"E-metaflumizon","E-metaflumizone"
E-nitprm,"E-nitenpyram","E-nitenpyram"
EDTA,"ethyleendiaminetetraethaanzuur (EDTA)","ethylenediaminetetraacetic acid"
EMSPTN,"Emerse planten","Emergent plants"
EPN,"ethyl-p-nitrofenylthiobenzeenfosfonaat","O-ethyl O-4-nitrophenyl phenylphosphonothioate"
EPTC,"ethyldipropylthiocarbamaat","S-ethyl dipropylthiocarbamate"
ETCB,"sandacanol","sandacanol"
E_COLI,"Escherichia coli","Escherichia coli"
Er,"erbium","erbium"
EtFOSA,"N-ethyl perfluoroctaansulfonamide","N-ethyl perfluorooctanesulfonamide"
EtFOSAA,"perfluoroctaansulfonylamide(N-ethyl)azijnzuur","N-ethylperfluorooctanesulfonamidoacetic acid"
EtFOSE,"N-ethylperfluoroctaansulfonamido-ethanol","N-ethylperfluorooctanesulfonamidoethanol"
Eu,"europium","europium"
F,"fluoride","fluoride"
FAECS,"Faeces","Feces"
FEOa,"Feofytine a","Pheophytin a"
FEOb,"Feofytine b","Pheophytin b"
FLAB,"Flab (Floating Algae Beds)","Floating Algae Beds"
FRD-903,"2,3,3,3-tetrafluor-2-(heptafluorpropoxy)propionzuur","2,3,3,3-tetrafluoro-2-(heptafluoropropoxy)propionic acid"
FYTPT,"Fytoplankton","Phytoplankton"
FYT_bloei13,"Fytopl. - bloeisoort (13) Gonyostomum semen","Phytoplankton bloom species Gonyostomum semen"
Fe,"ijzer","iron"
FeII,"ijzer (tweewaardig)","ferrous iron"
FeIIIO,"ijzer(III)oxide","ferric oxide"
Fen,"fenantreen","phenanthrene"
Fle,"fluoreen","fluorene"
Flu,"fluorantheen","fluoranthene"
Fol,"fenol","phenol"
FolINDX,"fenolindex","phenol index"
Fyactn,"fenylaceton","phenylacetone"
GEUR,"Geur","Odor"
GLTR,"Gloeotrichia","Gloeotrichia"
GR,"Gloeirest","Ash residue"
GROTDBPTN,"Grote drijfbladplanten","Large floating leaf plants"
Ga,"gallium","gallium"
Gd,"gadolinium","gadolinium"
Ge,"germanium","germanium"
H-PFC10asfzr,"2-(perfluoroctyl)ethaan-1-sulfonzuur (8:2 FTS)","2-(perfluorooctyl)ethane-1-sulfonic acid"
H-PFC12asfzr,"1H,1H,2H,2H-perfluordodecaansulfonzuur (10:2 FTS)","1H,1H,2H,2H-perfluorododecane-1-sulfonic acid"
H-PFC6asfzr,"2-(perfluorbutyl)ethaan-1-sulfonzuur (4:2 FTS)","2-(perfluorobutyl)ethane-1-sulfonic acid"
H-PFUdA,"2H,2H,3H,3H-perfluorundecaanzuur","2H,2H,3H,3H-perfluoroundecanoic acid"
H2O2,"waterstofperoxide","hydrogen peroxide"
H3,"tritium","tritium"
HAc,"azijnzuur","acetic acid"
HBCD,"som HBCD (technisch mengsel, niet-gespecif. broom-posities)","sum HBCD technical mixture"
HCB,"hexachloorbenzeen","hexachlorobenzene"
HCFK21,"dichloorfluormethaan","dichlorofluoromethane"
HCO3,"waterstofcarbonaat","hydrogen carbonate"
HCltazde,"hydrochloorthiazide","hydrochlorothiazide"
HHCB,"hexahydrohexamethylcyclopentabenzopyran (HHCB)","1,3,4,6,7,8-hexahydro-4,6,6,7,8,8-hexamethylcyclopenta[g]-2-benzopyran"
HPFHpA,"7H-perfluorheptaanzuur","7H-perfluoroheptanoic acid"
HTI,"4-hydroxy-2,5,6-trichloorisoftalonitril","4-hydroxy-2,5,6-trichloroisophthalonitrile"
HYBDVS,"Hybride vis","Hybrid fish"
Hf,"hafnium","hafnium"
Hg,"kwik","mercury"
Hg203,"kwik 203","mercury-203"
Ho,"holmium","holmium"
HpCl,"heptachloor","heptachlor"
HxBrBen,"hexabroombenzeen","hexabromobenzene"
HxC1yeT4Ae,"hexamethyleentetramine (Urotropine)","hexamethylenetetramine"
HxClC2a,"hexachloorethaan","hexachloroethane"
HxClbtDen,"hexachloorbutadieen","hexachlorobutadiene"
Hxcnzl,"hexaconazool","hexaconazole"
Hxfmrn,"hexaflumuron","hexaflumuron"
HxkC1oxC1yml,"hexakis(methoxymethyl)melamine","hexakis(methoxymethyl)melamine"
Hxznn,"hexazinon","hexazinone"
I131,"jodium 131","iodine-131"
IJSDK,"IJsdek","Ice cover"
INTTNLETRCCN,"Intestinale enterococcen","Intestinal enterococci"
In,"indium","indium"
In111,"indium 111","indium-111"
InP,"indeno(1,2,3-cd)pyreen","indeno[1,2,3-cd]pyrene"
IppnC4ycbmt,"joodpropynylbutylcarbamaat","3-iodo-2-propynyl butylcarbamate"
Isfrn,"jodosulfuron","iodosulfuron"
IsfrnC1y,"jodosulfuron-methyl","iodosulfuron-methyl"
IsfrnC1yNa,"jodosulfuron-methyl-natrium","iodosulfuron-methyl-sodium"
K,"kalium","potassium"
K40,"kalium 40","potassium-40"
KLEUR,"Kleur","Color"
KROOS,"Kroos","Duckweed"
KRUIDLG,"Kruidlaag","Herb layer"
KWD_VGTTBK,"Kweldervegetatie(zone) - brak","Salt marsh vegetation - brackish"
KWD_VGTTHG,"Kweldervegetatie(zone) - hoog","Salt marsh vegetation - high"
KWD_VGTTLG,"Kweldervegetatie(zone) - laag","Salt marsh vegetation - low"
KWD_VGTTMDN,"Kweldervegetatie(zone) - midden","Salt marsh vegetation - middle"
KWD_VGTTPONR,"Kweldervegetatie(zone) - pionier","Salt marsh vegetation - pioneer"
KWD_VGTTRT,"Kweldervegetatie(zone) - riet","Salt marsh vegetation - reed"
KWD_VGTTZKK,"Kweldervegetatie(zone) - zeekweek","Salt marsh vegetation - sea couch"
KWELDR,"Kwelder","Salt marsh"
KWELIDCTE,"Kwelindicatie","Seepage indication"
LEGONLA,"Legionella","Legionella"
LIMNO,"Limnothrix","Limnothrix"
L_PFBS,"perfluorbutaansulfonzuur","perfluorobutanesulfonic acid"
L_PFDS,"perfluor-1-decaansulfonzuur","perfluoro-1-decanesulfonic acid"
L_PFHpS,"perfluor-1-heptaansulfonzuur","perfluoro-1-heptanesulfonic acid"
L_PFHxS,"perfluorhexaansulfonzuur","perfluorohexanesulfonic acid"
La,"lanthaan","lanthanum"
Li,"lithium","lithium"
Lu,"lutetium","lutetium"
Lu177,"lutetium 177","lutetium-177"
M2C2yC6yC6aD,"mono-(2-ethylhexyl)-hexaandioaat","mono-(2-ethylhexyl) adipate"
MACFN,"Macrofauna","Macrofauna"
MC-LF,"microcystine-LF","microcystin-LF"
MC-LR,"microcystine-LR","microcystin-LR"
MC-LW,"microcystine-LW","microcystin-LW"
MC-LY,"microcystine-LY","microcystin-LY"
MC-RR,"microcystine-RR","microcystin-RR"
MC-YR,"microcystine-YR","microcystin-YR"
MC1yAe,"monomethylamine","monomethylamine"
MC4ySn,"monobutyltin (kation)","monobutyltin"
MCPA,"2-methyl-4-chloorfenoxyazijnzuur","2-methyl-4-chlorophenoxyacetic acid"
MCPB,"2-methyl-4-chloorfenoxyboterzuur","2-methyl-4-chlorophenoxybutyric acid"
MCPP,"mecoprop","mecoprop"
MFT_BIES,"Macrofyten - soorten bies","Macrophytes - sedge species"
MFySn,"monofenyltin (kation)","monophenyltin"
MICY,"Microcystis","Microcystis"
MOSLG,"Moslaag","Moss layer"
Mctfs,"monocrotofos","monocrotophos"
MeFBSAA,"perfluorbutaansulfonylamide(N-methyl)azijnzuur","N-methylperfluorobutanesulfonamidoacetic acid"
MeFOSA,"N-methyl perfluoroctaansulfonamide","N-methylperfluorooctanesulfonamide"
MeFOSE,"N-methylperfluoroctaansulfonamido-ethanol","N-methylperfluorooctanesulfonamidoethanol"
Mg,"magnesium","magnesium"
Mlnrn,"monolinuron","monolinuron"
Mn,"mangaan","manganese"
Mn54,"mangaan 54","manganese-54"
Mo,"molybdeen","molybdenum"
Mo99,"molybdeen 99","molybdenum-99"
N-MeFOSAA,"N-methylperfluoroctaan sulfonamidoazijnzuur","N-methylperfluorooctanesulfonamidoacetic acid"
NC1yPFC4asfA,"N-methylperfluorbutaansulfonamide","N-methylperfluorobutanesulfonamide"
NC2y4C1yBens,"N-ethyl-4-methylbenzeensulfonamide","N-ethyl-4-methylbenzenesulfonamide"
NH3,"ammoniak","ammonia"
NH4,"ammonium","ammonium"
NKj,"stikstof Kjeldahl","Kjeldahl nitrogen"
NNDC2yAn,"N,N-diethylaniline","N,N-diethylaniline"
NNDC4yfAd,"N,N-dibutylformamide","N,N-dibutylformamide"
NO2,"nitriet","nitrite"
NO2fn,"nitrofen","nitrofen"
NO3,"nitraat","nitrate"
NPEO1,"nonylfenolmonoethoxylaat","nonylphenol monoethoxylate"
NPEO2,"nonylfenoldiethoxylaat","nonylphenol diethoxylate"
NTA,"nitrilotriazijnzuur (NTA)","nitrilotriacetic acid"
NTOXSBVMGBAG,"Niet-toxische bolvormige blauwalgen (chroococcales)","Non-toxic spherical blue-green algae"
NTOXSDVMGBAG,"Niet-toxische draadvormige blauwalgen","Non-toxic filamentous blue-green algae"
Na,"natrium","sodium"
Na22,"natrium 22","sodium-22"
Naccmt,"natriumcyclamaat","sodium cyclamate"
Nact4Aoatprn,"N-acetyl-4-aminoantipyrine","N-acetyl-4-aminoantipyrine"
Naf,"naftaleen","naphthalene"
Nanorg,"stikstof anorganisch","inorganic nitrogen"
Nb,"niobium","niobium"
NbzNC1y1FyC1,"N-benzyl-N-methyl-1-phenylmethanamine","N-benzyl-N-methyl-1-phenylmethanamine"
Nd,"neodymium","neodymium"
Ni,"nikkel","nickel"
Norg,"stikstof organisch","organic nitrogen"
Ntot,"stikstof totaal","total nitrogen"
O2,"zuurstof","oxygen"
OEVBSIG,"Oeverbeschoeiing","Bank protection"
OEVPTN,"Oeverplanten","Bank plants"
OLE,"Olie","Oil"
OS,"Onopgeloste stoffen","Suspended solids"
OSCL,"Oscillatoria [1]","Oscillatoria"
OSTOF,"Organisch stof","Organic matter"
OTNE,"amberonne","amberonne"
OaDazn,"oxadiazon","oxadiazon"
OaDxl,"oxadixyl","oxadixyl"
Oaclne,"oxacilline","oxacillin"
OamOxme,"oxamyl-oxime","oxamyl oxime"
Oaml,"oxamyl","oxamyl"
Oasfrn,"oxasulfuron","oxasulfuron"
Oatapplne,"oxathiapiproline","oxathiapiproline"
OcC1yT4slxn,"octamethyltetrasiloxaan","octamethyltetrasiloxane"
OcC1yccT4slx,"octamethylcyclotetrasiloxaan","octamethylcyclotetrasiloxane"
Oolnzr,"oxolinezuur","oxolinic acid"
OxBenzn,"oxybenzone","oxybenzone"
OxFfn,"oxyfluorfen","oxyfluorfen"
OxT4ccnHCl,"oxytetracycline hydrochloride","oxytetracycline hydrochloride"
OxT4ccne02,"oxytetracycline","oxytetracycline"
OxcbOxn,"oxycarboxin","oxycarboxin"
Oxcznde,"oxyclozanide","oxyclozanide"
Oxmtzlne,"oxymetazoline","oxymetazoline"
Oxprnl,"oxypurinol","oxypurinol"
PBDE100,"2,2',4,4',6-pentabroomdifenylether","2,2',4,4',6-pentabromodiphenyl ether"
PBDE119,"2,3',4,4',6-pentabroomdifenylether","2,3',4,4',6-pentabromodiphenyl ether"
PBDE138,"2,2',3,4,4',5'-hexabroomdifenylether","2,2',3,4,4',5'-hexabromodiphenyl ether"
PBDE153,"2,2',4,4',5,5'-hexabroomdifenylether","2,2',4,4',5,5'-hexabromodiphenyl ether"
PBDE154,"2,2',4,4',5,6'-hexabroomdifenylether","2,2',4,4',5,6'-hexabromodiphenyl ether"
PBDE183,"2,2',3,4,4',5',6-heptabroomdifenylether","2,2',3,4,4',5',6-heptabromodiphenyl ether"
PBDE209,"2,2',3,3',4,4',5,5',6,6'-decabroomdiphenylether","2,2',3,3',4,4',5,5',6,6'-decabromodiphenyl ether"
PBDE28,"2,4,4'-tribroomdifenylether","2,4,4'-tribromodiphenyl ether"
PBDE47,"2,2',4,4'-tetrabroomdifenylether","2,2',4,4'-tetrabromodiphenyl ether"
PBDE49,"2,2',4,5'-tetrabroomdifenylether","2,2',4,5'-tetrabromodiphenyl ether"
PBDE66,"2,3',4,4'-tetrabroomdifenylether","2,3',4,4'-tetrabromodiphenyl ether"
PBDE71,"2,3',4',6-tetrabroomdifenylether","2,3',4',6-tetrabromodiphenyl ether"
PBDE75,"2,4,4',6-tetrabroomdifenylether","2,4,4',6-tetrabromodiphenyl ether"
PBDE85,"2,2',3,4,4'-pentabroomdifenylether","2,2',3,4,4'-pentabromodiphenyl ether"
PBDE99,"2,2',4,4',5-pentabroomdifenylether","2,2',4,4',5-pentabromodiphenyl ether"
PC2al,"polyethanal","polyethanal"
PCB101,"2,2',4,5,5'-pentachloorbifenyl","2,2',4,5,5'-pentachlorobiphenyl"
PCB105,"2,3,3',4,4'-pentachloorbifenyl","2,3,3',4,4'-pentachlorobiphenyl"
PCB114,"2,3,4,4',5-pentachloorbifenyl","2,3,4,4',5-pentachlorobiphenyl"
PCB118,"2,3',4,4',5-pentachloorbifenyl","2,3',4,4',5-pentachlorobiphenyl"
PCB123,"2,3',4,4',5'-pentachloorbifenyl","2,3',4,4',5'-pentachlorobiphenyl"
PCB126,"3,3',4,4',5-pentachloorbifenyl","3,3',4,4',5-pentachlorobiphenyl"
PCB137,"2,2',3,4,4',5-hexachloorbifenyl","2,2',3,4,4',5-hexachlorobiphenyl"
PCB138,"2,2',3,4,4',5'-hexachloorbifenyl","2,2',3,4,4',5'-hexachlorobiphenyl"
PCB153,"2,2',4,4',5,5'-hexachloorbifenyl","2,2',4,4',5,5'-hexachlorobiphenyl"
PCB156,"2,3,3',4,4',5-hexachloorbifenyl","2,3,3',4,4',5-hexachlorobiphenyl"
PCB157,"2,3,3',4,4',5'-hexachloorbifenyl","2,3,3',4,4',5'-hexachlorobiphenyl"
PCB167,"2,3',4,4',5,5'-hexachloorbifenyl","2,3',4,4',5,5'-hexachlorobiphenyl"
PCB169,"3,3',4,4',5,5'-hexachloorbifenyl","3,3',4,4',5,5'-hexachlorobiphenyl"
PCB180,"2,2',3,4,4',5,5'-heptachloorbifenyl","2,2',3,4,4',5,5'-heptachlorobiphenyl"
PCB189,"2,3,3',4,4',5,5 '-heptachlorobifenyl","2,3,3',4,4',5,5'-heptachlorobiphenyl"
PCB28,"2,4,4'-trichloorbifenyl","2,4,4'-trichlorobiphenyl"
PCB52,"2,2',5,5'-tetrachloorbifenyl","2,2',5,5'-tetrachlorobiphenyl"
PCB77,"3,3',4,4'-tetrachloorbifenyl","3,3',4,4'-tetrachlorobiphenyl"
PCB81,"3,4,4',5-tetrachlorobifenyl","3,4,4',5-tetrachlorobiphenyl"
PCDD48,"2,3,7,8-tetrachloordibenzo-p-dioxine","2,3,7,8-tetrachlorodibenzo-p-dioxin"
PCDD54,"1,2,3,7,8-pentachloordibenzo-p-dioxine","1,2,3,7,8-pentachlorodibenzo-p-dioxin"
PCDD66,"1,2,3,4,7,8-hexachloordibenzo-p-dioxine","1,2,3,4,7,8-hexachlorodibenzo-p-dioxin"
PCDD67,"1,2,3,6,7,8-hexachloordibenzo-p-dioxine","1,2,3,6,7,8-hexachlorodibenzo-p-dioxin"
PCDD70,"1,2,3,7,8,9-hexachloordibenzo-p-dioxine","1,2,3,7,8,9-hexachlorodibenzo-p-dioxin"
PCDD73,"1,2,3,4,6,7,8-heptachloordibenzo-p-dioxine","1,2,3,4,6,7,8-heptachlorodibenzo-p-dioxin"
PCDD75,"1,2,3,4,6,7,8,9-octachloordibenzo-p-dioxine","1,2,3,4,6,7,8,9-octachlorodibenzo-p-dioxin"
PCDF112,"2,3,4,6,7-pentachloordibenzofuraan","2,3,4,6,7-pentachlorodibenzofuran"
PCDF114,"2,3,4,7,8-pentachloordibenzofuraan","2,3,4,7,8-pentachlorodibenzofuran"
PCDF118,"1,2,3,4,7,8-hexachloordibenzofuraan","1,2,3,4,7,8-hexachlorodibenzofuran"
PCDF121,"1,2,3,6,7,8-hexachloordibenzofuraan","1,2,3,6,7,8-hexachlorodibenzofuran"
PCDF124,"1,2,3,7,8,9-hexachloordibenzofuraan","1,2,3,7,8,9-hexachlorodibenzofuran"
PCDF130,"2,3,4,6,7,8-hexachloordibenzofuraan","2,3,4,6,7,8-hexachlorodibenzofuran"
PCDF131,"1,2,3,4,6,7,8-heptachloordibenzofuraan","1,2,3,4,6,7,8-heptachlorodibenzofuran"
PCDF134,"1,2,3,4,7,8,9-heptachloordibenzofuraan","1,2,3,4,7,8,9-heptachlorodibenzofuran"
PCDF135,"1,2,3,4,6,7,8,9-octachloordibenzofuraan","1,2,3,4,6,7,8,9-octachlorodibenzofuran"
PCDF83,"2,3,7,8-tetrachloordibenzofuraan","2,3,7,8-tetrachlorodibenzofuran"
PCDF94,"1,2,3,7,8-pentachloordibenzofuraan","1,2,3,7,8-pentachlorodibenzofuran"
PF1DSA,"Perfluor-1-decaansulfonamide","perfluoro-1-decanesulfonamide"
PF37DC1yOA,"perfluor-3,7-dimethyloctaanzuur","perfluoro-3,7-dimethyloctanoic acid"
PFBA,"perfluorbutaanzuur","perfluorobutanoic acid"
PFC16azr,"perfluorhexadecaanzuur","perfluorohexadecanoic acid"
PFC18azr,"perfluoroctadecaanzuur","perfluorooctadecanoic acid"
PFC4asfAd,"perfluorbutaansulfonamide","perfluorobutanesulfonamide"
PFC5asfzr,"perfluor-1-pentaansulfonzuur","perfluoro-1-pentanesulfonic acid"
PFC9asfzr,"perfluornonaan-1-sulfonzuur","perfluorononane-1-sulfonic acid"
PFDA,"perfluordecaanzuur","perfluorodecanoic acid"
PFDHpA,"perfluor-3,6-dioxaheptaanzuur","perfluoro-3,6-dioxaheptanoic acid"
PFDPA,"perfluordecylfosfonzuur","perfluorodecylphosphonic acid"
PFDoA,"perfluordodecaanzuur","perfluorododecanoic acid"
PFDoAS,"perfluordodecaansulfonzuur","perfluorododecane sulfonic acid"
PFEES,"perfluor(2-ethoxyethaan)sulfonzuur","perfluoro(2-ethoxyethane)sulfonic acid"
PFHpA,"perfluorheptaanzuur","perfluoroheptanoic acid"
PFHxA,"perfluorhexaanzuur","perfluorohexanoic acid"
PFHxSA,"perfluorhexaansulfonamide","perfluorohexanesulfonamide"
PFMBA,"perfluor-4-methoxybutaanzuur","perfluoro-4-methoxybutanoic acid"
PFMPrA,"perfluor-3-methoxypropaanzuur","perfluoro-3-methoxypropanoic acid"
PFNA,"perfluornonaanzuur","perfluorononanoic acid"
PFOA,"perfluoroctaanzuur","perfluorooctanoic acid"
PFOPA,"perfluoroctylfosfonzuur","perfluorooctylphosphonic acid"
PFOS,"perfluoroctaansulfonzuur (lineair)","perfluorooctanesulfonic acid"
PFOSA,"perfluoroctaansulfonamide","perfluorooctanesulfonamide"
PFPA,"perfluorpentaanzuur","perfluoropentanoic acid"
PFPeDA,"perfluorpentadecaanzuur","perfluoropentadecanoic acid"
PFTDA,"perfluortridecaanzuur","perfluorotridecanoic acid"
PFTDAS,"perfluortridecaansulfonzuur","perfluorotridecane sulfonic acid"
PFTeDA,"perfluortetradecaanzuur","perfluorotetradecanoic acid"
PFUdA,"perfluorundecaanzuur","perfluoroundecanoic acid"
PFUdAS,"perfluorundecaansulfonzuur","perfluoroundecane sulfonic acid"
PFdC1yDOxazr,"Perfluor-2,5-dimethyl-3,6-dioxanonaanzuur","perfluoro-2,5-dimethyl-3,6-dioxanonanoic acid"
PHOI,"Phormidium [1]","Phormidium"
PLAN,"Planktothrix","Planktothrix"
PO4,"fosfaat","phosphate"
POELSK,"Poelslak","Pool slag"
PSEUDA,"Pseudanabaena","Pseudanabaena"
Pb,"lood","lead"
Pd,"palladium","palladium"
PeClAn,"pentachlooraniline","pentachloroaniline"
PeClBen,"pentachloorbenzeen","pentachlorobenzene"
PeClFol,"pentachloorfenol","pentachlorophenol"
PeClNO2Ben,"pentachloornitrobenzeen (quintozeen)","pentachloronitrobenzene"
PeClansl,"pentachlooranisol","pentachloroanisole"
PenCl,"pentanochloor","pentanochlor"
Po210,"polonium 210","polonium-210"
Pr,"praseodymium","praseodymium"
Pt,"platina","platinum"
Ptot,"fosfor totaal","total phosphorus"
Pu239,"plutonium 239","plutonium-239"
Pu240,"plutonium 240","plutonium-240"
Pyr,"pyreen","pyrene"
RESTBTA,"Rest Beta","Residual Beta"
RISCNVCANBTR,"Risiconiveau cyanobacteriën","Risk level cyanobacteria"
Ra226,"radium 226","radium-226"
Ra228,"radium 228","radium-228"
Rb,"rubidium","rubidium"
Ru103,"ruthenium 103","ruthenium-103"
Ru106,"ruthenium 106","ruthenium-106"
S,"sulfide","sulfide"
SCHUIM,"Schuim","Foam"
SO4,"sulfaat","sulfate"
STRUIKLG,"Struiklaag","Shrub layer"
SUBMSPTN,"Submerse planten","Submerged plants"
SUBST,"Substraat","Substrate"
Sb,"antimoon","antimony"
Sb122,"antimoon 122","antimony-122"
Sb124,"antimoon 124","antimony-124"
Sb125,"antimoon 125","antimony-125"
Sc,"scandium","scandium"
Se,"seleen","selenium"
Si,"silicium","silicon"
SiO2,"siliciumdioxide","silicon dioxide"
Sm,"samarium","samarium"
SmtlCl,"S-metolachloor","S-metolachlor"
Sn,"tin","tin"
Sr,"strontium","strontium"
Sr89,"strontium 89","strontium-89"
Sr90,"strontium 90","strontium-90"
Stot,"zwavel totaal","total sulfur"
T2ClC2yPO4,"tri(2-chloorethyl)fosfaat","tris(2-chloroethyl) phosphate"
T4C1yBen,"tetramethylbenzeen","tetramethylbenzene"
T4C4ySn,"tetrabutyltin","tetrabutyltin"
T4ClC1a,"tetrachloormethaan (tetra)","tetrachloromethane"
T4ClC2a,"tetrachloorethaan","tetrachloroethane"
T4ClC2e,"tetrachlooretheen (per)","tetrachloroethene"
T4Clvfs,"tetrachloorvinfos (mixed isomeren)","tetrachlorvinphos"
T4Dfn,"tetradifon","tetradifon"
T4Hflmde,"tetrahydroftaalimide","tetrahydrophthalimide"
T4Hfrn,"tetrahydrofuraan","tetrahydrofuran"
T4ccne,"tetracycline","tetracycline"
T4cnzl,"tetraconazool","tetraconazole"
T4cycnHCl,"tetracycline hydrochloride","tetracycline hydrochloride"
T4mtn,"tetramethrin","tetramethrin"
T4sl,"tetrasul","tetrasul"
TAED,"tetraacetylethyleendiamine","tetraacetylethylenediamine"
TBrC1a,"tribroommethaan","tribromomethane"
TBrHAc,"tribroomazijnzuur","tribromoacetic acid"
TC1yAe,"trimethylamine","trimethylamine"
TC1yPO4,"trimethylfosfaat","trimethyl phosphate"
TC1yegcl,"trimethyleenglycol (1,3-propyleenglycol)","1,3-propanediol"
TC2yAe,"triethylamine","triethylamine"
TC2yPO4,"triethylfosfaat","triethyl phosphate"
TC2ycitt,"triethylcitraat","triethyl citrate"
TC2yegcl,"triethyleenglycol","triethylene glycol"
TC4yPO4,"tributylfosfaat","tributyl phosphate"
TC4ySn,"tributyltin (kation)","tributyltin"
TC4yactcitt,"tributylacetylcitraat","tributyl acetylcitrate"
TClBen,"trichloorbenzeen","trichlorobenzene"
TClC1a,"trichloormethaan (chloroform)","trichloromethane"
TClC2e,"trichlooretheen (tri)","trichloroethene"
TClC3yPO4,"tris(1-chloor-2-propyl)fosfaat","tris(1-chloro-2-propyl) phosphate"
TClHAc,"trichloorazijnzuur","trichloroacetic acid"
TClfn,"trichloorfon","trichlorfon"
TClnt,"trichloronaat","trichloronat"
TEGDME,"tetraethyleenglycoldimethylether","tetraethylene glycol dimethyl ether"
TFHAc,"trifluorazijnzuur","trifluoroacetic acid"
TFlC1asfzr,"trifluormethaansulfonzuur","trifluoromethanesulfonic acid"
TFyPO4,"trifenylfosfaat","triphenyl phosphate"
TFySn,"trifenyltin (kation)","triphenyltin"
TFyffnS,"trifenylfosfinesulfide","triphenylphosphine sulfide"
THAUMTPPCSNA,"Thaumetopoea processionea","Thaumetopoea processionea"
THERMTLRTCLS,"Thermotolerante Coli's (incubatie bij 44 C)","Thermotolerant coliforms"
TOTAFA,"Totaal Alfa","Total Alpha"
TOTBTA,"Totaal Beta","Total Beta"
TOTCLS,"Totaal Coli's (incubatie bij 37 C)","Total coliforms"
TPPO,"trifenylfosfineoxide","triphenylphosphine oxide"
TRICBHZA,"Trichobilharzia","Trichobilharzia"
Ta,"tantalium","tantalum"
Tadmfn,"triadimefon","triadimefon"
Tadmnl,"triadimenol","triadimenol"
Talt,"triallaat","triallate"
Tamfs,"triamifos","triamiphos"
Taptnl,"triapentenol","triapentenol"
Tasfrn,"triasulfuron","triasulfuron"
Tazfs,"triazofos","triazophos"
Tazmt,"triazamaat","triazamate"
Tb,"terbium","terbium"
TbnrC1y,"tribenuronmethyl","tribenuron-methyl"
Tc99,"technetium 99","technetium-99"
Tc99m,"technetium 99m (metastabiel)","technetium-99m"
Tcbdzl,"triclabendazool","triclabendazole"
TccC6ySn,"tricyclohexyltin (kation)","tricyclohexyltin"
Tccbn,"triclocarban","triclocarban"
Tcczl,"tricyclazool","tricyclazole"
Tcfndne,"trichlofenidine","trichlofenidine"
Tcpr,"triclopyr","triclopyr"
Tcsn,"triclosan","triclosan"
Te,"tellurium","tellurium"
Tetzne,"trietazine","trietazine"
Tfmf,"trifenmorf","trifenmorph"
Tfmrn,"triflumuron","triflumuron"
Tfmzl,"triflumizool","triflumizole"
Tfrlne,"trifluraline","trifluralin"
Tfrne,"triforine","triforine"
TfsfrnC1y,"triflusulfuron-methyl","triflusulfuron-methyl"
Tfxsbn,"trifloxystrobin","trifloxystrobin"
Th,"thorium","thorium"
Th232,"thorium 232","thorium-232"
Ti,"titaan","titanium"
TiC4yPO4,"triisobutylfosfaat","triisobutyl phosphate"
Tl,"thallium","thallium"
Tl201,"thallium 201","thallium-201"
Tm,"thulium","thulium"
Tmtcb,"trimethacarb","trimethacarb"
Tmtpm,"trimethoprim","trimethoprim"
TnxpcC2y,"trinexapac-ethyl","trinexapac-ethyl"
Tol,"tolueen","toluene"
Ttcnzl,"triticonazool","triticonazole"
TttC4yC1ol,"tri-tert-butylmethanol","tri-tert-butylmethanol"
U,"uranium","uranium"
U238,"uranium 238","uranium-238"
V,"vanadium","vanadium"
VEGTTE,"Vegetatie","Vegetation"
VERORNGG,"Verontreiniging","Contamination"
VET,"Vet","Fat"
VISSN,"Vissen","Fish"
VOGL,"Vogel","Bird"
VUIL,"Vuil","Dirt"
W,"wolfraam","tungsten"
WATPTN,"Waterplanten","Aquatic plants"
WORO,"Woronichinia","Woronichinia"
XMC,"3,5-xylylmethylcarbamaat","3,5-xylyl methylcarbamate"
Y,"yttrium","yttrium"
Yb,"ytterbium","ytterbium"
Z-mfmzn,"Z-metaflumizon","Z-metaflumizone"
ZOOPT,"Zooplankton","Zooplankton"
ZWEMMJK,"Zwemmersjeuk","Swimmer's itch"
Zn,"zink","zinc"
Zn65,"zink 65","zinc-65"
Zr,"zirkonium","zirconium"
aC1ysrn,"alfa-methylstyreen","α-methylstyrene"
aClfvfs,"alfa-chloorfenvinfos","α-chlorfenvinphos"
aHBCD,"alfa-hexabroomcyclododecaan","α-hexabromocyclododecane"
aHCH,"alfa-hexachloorcyclohexaan","α-hexachlorocyclohexane"
abmtne,"abamectine","abamectin"
acbzlSC1y,"acibenzolar-S-methyl","acibenzolar-S-methyl"
acdne,"acridine","acridine"
acft,"acefaat","acephate"
acnfn,"aclonifen","aclonifen"
acntn,"acrinathrin","acrinathrin"
acpmtn,"alfa-cypermethrin","α-cypermethrin"
acqncl,"acequinocyl","acequinocyl"
acsfm,"acesulfaam","acesulfame"
acsfmeK,"acesulfame K","acesulfame K"
actmpd,"acetamiprid","acetamiprid"
actn,"aceton","acetone"
actntl,"acetonitril","acetonitrile"
actsfmtozl,"acetylsulfamethoxazol","acetylsulfamethoxazole"
aedsfn,"alfa-endosulfan","α-endosulfan"
afencactt,"alfa-fenchylacetaat","α-fenchyl acetate"
aiC1yionn,"alfa-isomethylionon","α-isomethylionone"
alCl,"alachloor","alachlor"
alDcSO,"aldicarbsulfoxide","aldicarb sulfoxide"
alDcb,"aldicarb","aldicarb"
alDcsfn,"aldicarbsulfon","aldicarb sulfone"
aldn,"aldrin","aldrin"
allmctn,"allylmercaptaan","allyl mercaptan"
alltn,"allethrin","allethrin"
alncb,"alanycarb","alanycarb"
amdTzinzr,"amidotrizoïnezuur","amidotrizoic acid"
amdsfrn,"amidosulfuron","amidosulfuron"
amodne,"amiodarone","amiodarone"
amsbm,"amisulbrom","amisulbrom"
amspde,"amisulpride","amisulpride"
amtdne,"amantadine","amantadine"
amtl,"amitrol","amitrole"
amtn,"ametryn","ametryn"
amttdn,"ametoctradin","ametoctradin"
amtz,"amitraz","amitraz"
amxclne,"amoxicilline","amoxicillin"
anHertmcne,"anhydro-erythromycine","anhydro-erythromycin"
anlzne,"anilazine","anilazine"
antcnn,"antrachinon","anthraquinone"
asbt,"asbest","asbestos"
aslm,"asulam","asulam"
asprne,"aspirine","aspirin"
asptm,"aspartaam","aspartame"
atnll,"atenolol","atenolol"
attn,"atraton","atraton"
atvttne,"atorvastatine","atorvastatin"
atzne,"atrazine","atrazine"
avBenzn,"avobenzone","avobenzone"
azBen,"azobenzeen","azobenzene"
azacnzl,"azaconazool","azaconazole"
azdrtn,"azadirachtin","azadirachtin"
azmtfs,"azamethifos","azamethiphos"
azoxsbn,"azoxystrobin","azoxystrobin"
azptn,"aziprotryn","aziprotryne"
azsfrn,"azimsulfuron","azimsulfuron"
aztmcne,"azitromycine","azithromycin"
bClfvfs,"beta-chloorfenvinfos","β-chlorfenvinphos"
bHBCD,"beta-hexabroomcyclododecaan","β-hexabromocyclododecane"
bHCH,"beta-hexachloorcyclohexaan","β-hexachlorocyclohexane"
bHpClepO,"beta-heptachloorepoxide","β-heptachlor epoxide"
bapOxT4ccne,"beta-apo-oxytetracycline","β-apo-oxytetracycline"
barbn,"barban","barban"
bedsfn,"beta-endosulfan","β-endosulfan"
benDocb,"bendiocarb","bendiocarb"
benfn,"benefin","benefin"
benlxl,"benalaxyl","benalaxyl"
benlxlM,"benalaxyl-M","benalaxyl-M"
benml,"benomyl","benomyl"
benodnl,"benodanil","benodanil"
bensfrnC1y,"bensulfuron-methyl","bensulfuron-methyl"
bentavlcbiC3,"benthiavalicarb-isopropyl","benthiavalicarb-isopropyl"
bentzn,"bentazon","bentazone"
benzC4yFt,"benzylbutylftalaat","benzyl butyl phthalate"
benzCl,"benzylchloride","benzyl chloride"
benzadnne,"benzyladenine","benzyladenine"
benzcine,"benzocaine","benzocaine"
benzdne,"benzidine","benzidine"
benzfnn,"benzofenon","benzophenone"
benzlnC2y,"benazolin-ethyl","benazolin-ethyl"
benzmctn,"benzylmercaptaan","benzyl mercaptan"
benztazl,"benzothiazool","benzothiazole"
benzvdfpr,"benzovindiflupyr","benzovindiflupyr"
benzxmt,"benzoximaat","benzoximate"
benzyppC2y,"benzoylprop-ethyl","benzoylprop-ethyl"
betxll,"betaxolol","betaxolol"
bezafbt,"bezafibraat","bezafibrate"
bfnx,"bifenox","bifenox"
biFy,"bifenyl","biphenyl"
bifnzt,"bifenazaat","bifenazate"
biftn,"bifenthrin","bifenthrin"
binpcl,"binapacryl","binapacryl"
bis2C1oxC2yE,"bis(2-methoxyethyl)ether","bis(2-methoxyethyl) ether"
bisFolA,"bisfenol-A","bisphenol A"
bisFolF,"2,2'-methyleendifenol","2,2'-methylenediphenol"
bisPFC10yPO4,"bisperfluordecylwaterstoffosfaat (8:2 diPAP)","bis(perfluorodecyl) hydrogen phosphate"
bispll,"bisoprolol","bisoprolol"
bittnl,"bitertanol","bitertanol"
bixfn,"bixafen","bixafen"
boscld,"boscalid","boscalid"
botzr,"boterzuur","butyric acid"
brodfcm,"brodifacum","brodifacoum"
bromcl,"bromacil","bromacil"
bromcnzl,"bromuconazool","bromuconazole"
bromdoln,"bromadiolon","bromadiolone"
bromxnbtrt,"bromoxynil butyraat","bromoxynil butyrate"
bupfzn,"buprofezin","buprofezin"
buprmt,"bupirimaat","bupirimate"
butCl,"butachloor","butachlor"
butcbOxm,"butocarboxim","butocarboxim"
butcbOxmSO,"butocarboximsulfoxide","butocarboxim sulfoxide"
butcbOxmsfn,"butocarboximsulfon","butocarboxim sulfone"
butln,"butralin","butralin"
butrn,"buturon","buturon"
c12DClC2e,"cis-1,2-dichlooretheen","cis-1,2-dichloroethene"
c12DClC3e,"cis-1,2-dichloorpropeen","cis-1,2-dichloropropene"
c13DClC3e,"cis-1,3-dichloorpropeen","cis-1,3-dichloropropene"
cCldn,"cis-chloordaan","cis-chlordane"
cF16C10ezr,"cis-hexadecafluor-2-deceenzuur","cis-hexadecafluoro-2-decenoic acid"
cHBCD,"gamma-hexabroomcyclododecaan","γ-hexabromocyclododecane"
cHCH,"gamma-hexachloorcyclohexaan (lindaan)","γ-hexachlorocyclohexane"
cHpClepO,"cis-heptachloorepoxide","cis-heptachlor epoxide"
cT4Clvfs,"cis-tetrachloorvinfos (Z-isomeer)","cis-tetrachlorvinphos"
cadsfs,"cadusafos","cadusafos"
caffine,"caffeine","caffeine"
camfr,"camfor","camphor"
candstn,"candesartan","candesartan"
captabne,"capectiabine","capecitabine"
captfl,"captafol","captafol"
captn,"captan","captan"
carbOxn,"carboxin","carboxin"
carbdx,"carbadox","carbadox"
carbdzm,"carbendazim","carbendazim"
carbfnton,"carbofenothion","carbofenothion"
carbfrn,"carbofuran","carbofuran"
carbmzpn1011,"carbamazepine 10,11-epoxide","carbamazepine 10,11-epoxide"
carbmzpne,"carbamazepine","carbamazepine"
carbrl,"carbaryl","carbaryl"
carbsfn,"carbosulfan","carbosulfan"
carbtAd,"carbetamide","carbetamid"
carftznC2y,"carfentrazon-ethyl","carfentrazone-ethyl"
carpfn,"carprofen","carprofen"
carppAd,"carpropamide","carpropamid"
carvn,"carvon","carvone"
ccC5a,"cyclopentaan","cyclopentane"
cefrxm,"cefuroxim","cefuroxime"
ceftxme,"cefotaxime","cefotaxime"
cefzlne,"cefazoline","cefazolin"
celcxb,"Celecoxib","celecoxib"
cetrzne,"cetirizine","cetirizine"
chloftzn,"chlofentezin","clofentezine"
chloratnlpl,"chlorantraniliprole","chlorantraniliprole"
chlozlnt,"chlozolinaat","chlozolinate"
cibgn4,"C.I. Basic Green 4","C.I. Basic Green 4"
cindnC2y,"cinidon-ethyl","cinidon-ethyl"
cipfxcne,"ciprofloxacine","ciprofloxacin"
citlpm,"citalopram","citalopram"
clartmcne,"claritromycine","clarithromycin"
cldcne,"chloordecone","chlordecone"
clenbtrl,"clenbuterol","clenbuterol"
cletdm,"clethodim","clethodim"
clindmcne,"clindamycine","clindamycin"
clmqat,"chloormequat","chlormequat"
clodnfp,"clodinafop","clodinafop"
clodnfppgl,"clodinafop-propargyl","clodinafop-propargyl"
clofbnzr,"clofibrinezuur","clofibric acid"
clofbt,"clofibraat","clofibrate"
clomzn,"clomazon","clomazone"
clopdl,"clopidol","clopidol"
cloprld,"clopyralid","clopyralid"
cloqtcmxl,"cloquintoceet-mexyl","cloquintocet-mexyl"
clotandne,"clothianidine","clothianidin"
clotmzl,"clotrimazol","clotrimazole"
cloxclne,"cloxacilline","cloxacillin"
clozpne,"clozapine","clozapine"
cltDC1y,"chloorthal-dimethyl","chlorthal-dimethyl"
cltofs,"chloorthiofos","chlorthiophos"
cltofsfn,"chloorthiofos-sulfon","chlorthiophos sulfone"
clxlnl,"chloorxylenol","chloroxylenol"
cmevfs,"cis-mevinfos","cis-mevinphos"
cortsn,"cortison","cortisone"
coumttll,"coumatetralyl","coumatetralyl"
cpermtn,"cis-permethrin","cis-permethrin"
cpyrfnx,"cis-pyrifenox","cis-pyrifenox"
crfmt,"crufomaat","crufomate"
crimdne,"crimidine","crimidine"
crotmtn,"crotamiton","crotamiton"
cumfs,"cumafos","coumaphos"
cumn,"cumeen","cumene"
cyanffs,"cyanofenfos","cyanofenphos"
cyanfs,"cyanofos","cyanophos"
cyatnlple,"cyantraniliprole","cyantraniliprole"
cyazfAd,"cyazofamide","cyazofamid"
cycC6a,"cyclohexaan","cyclohexane"
cycC6e,"cyclohexeen","cyclohexene"
cycat,"cycloaat","cycloate"
cycffAd,"cyclofosfamide","cyclophosphamide"
cycmt,"cyclamaat","cyclamate"
cycrn,"cycluron","cycluron"
cycxdm,"cycloxydim","cycloxydim"
cyffAd,"cyflufenamide","cyflufenamid"
cyfmtfn,"cyflumetofen","cyflumetofen"
cyftn,"cyfluthrin","cyfluthrin"
cyhlfC4y,"cyhalofop-butyl","cyhalofop-butyl"
cyhltn,"cyhalothrin","cyhalothrin"
cymOanl,"cymoxanil","cymoxanil"
cymazl,"cymiazool","cymiazole"
cypcnzl,"cyproconazool","cyproconazole"
cypdnl,"cyprodinil","cyprodinil"
cypfrm,"cyprofuram","cyprofuram"
cypmtn,"cypermethrin","cypermethrin"
cyrmzne,"cyromazine","cyromazine"
cytoat,"cythioaat","cythioate"
dHCH,"delta-hexachloorcyclohexaan","δ-hexachlorocyclohexane"
damnzde,"daminozide","daminozide"
dapsn,"dapson","dapsone"
dazmt,"dazomet","dazomet"
demtSC1y,"demeton-S-methyl","demeton-S-methyl"
demtSC1ysfn,"demeton-S-methylsulfon","demeton-S-methyl sulfone"
demtnO,"demeton-O","demeton-O"
demtnS,"demeton-S","demeton-S"
desC2yatzne,"desethylatrazine","desethylatrazine"
desC2ytC4yaz,"desethylterbutylazine","desethylterbutylazine"
desFyClidzn,"desfenylchloridazon","desphenylchloridazon"
desiC3yatzne,"desisopropylatrazine","desisopropylatrazine"
desmdfm,"desmedifam","desmedipham"
desmtn,"desmetryn","desmetryn"
desvlfxne,"desvenlafaxine","desvenlafaxine"
dexmtsn,"dexamethason","dexamethasone"
diczrl,"diclazuril","diclazuril"
dieldn,"dieldrin","dieldrin"
dikglNa,"dikegulac-natrium","dikegulac sodium"
dmMC-LR,"7-desmethylmicrocystine-LR","7-desmethylmicrocystin-LR"
dmMC-RR,"7-desmethylmicrocystine-RR","7-desmethylmicrocystin-RR"
dmtn,"deltamethrin","deltamethrin"
dodmf,"dodemorf","dodemorph"
dodne,"dodine","dodine"
dormtne,"doramectine","doramectin"
doxccne,"doxycycline","doxycycline"
doxccnhct,"doxycycline hyclaat","doxycycline hyclate"
eHCH,"epsilon-hexachloorcyclohexaan","ε-hexachlorocyclohexane"
eTDazl,"etridiazol","etridiazole"
ecapltm,"epsilon-caprolactam","ε-caprolactam"
edffs,"edifenfos","edifenphos"
emmtbzat,"emamectin-benzoaat","emamectin benzoate"
emmtn,"emamectin","emamectin"
endn,"endrin","endrin"
endsfSO4,"endosulfansulfaat","endosulfan sulfate"
endsfn,"endosulfan (som alfa- en beta-isomeer)","endosulfan"
enlpl,"enalapril","enalapril"
enrfxcne,"enrofloxacine","enrofloxacin"
enxcne,"enoxacine","enoxacin"
epnmtn,"eprinomectin","eprinomectin"
epxcnzl,"epoxiconazool","epoxiconazole"
ertmcne,"erytromycine","erythromycin"
esTol,"estriol","estriol"
esfvlrt,"esfenvaleraat","esfenvalerate"
etcnzl,"etaconazool","etaconazole"
etfmst,"ethofumesaat","ethofumesate"
etfn,"ethefon","ethephon"
etfpx,"ethofenprox","ethofenprox"
etfs,"etrimfos","etrimfos"
etnetDol,"ethinylestradiol","ethinyl estradiol"
etofcb,"ethiofencarb","ethiofencarb"
etofcbSO,"ethiofencarbsulfoxide","ethiofencarb sulfoxide"
etofcbsfn,"ethiofencarbsulfon","ethiofencarb sulfone"
eton,"ethion","ethion"
etpfs,"ethoprofos","ethoprophos"
etpl,"ethiprol","ethiprol"
etpsde,"etoposide","etoposide"
etrml,"ethirimol","ethirimol"
etxcne,"ethoxychine","ethoxyquin"
etxzl,"etoxazool","etoxazole"
fOxm,"foxim","foxim"
famfr,"famfur","famphur"
famxdne,"famoxadone","famoxadone"
feNO2ton,"fenitrothion","fenitrothion"
fecrzlC2y,"fenchlorazool-ethyl","fenchlorphos-ethyl"
fenClfs,"fenchloorfos","fenchlorphos"
fenOxcb,"fenoxycarb","fenoxycarb"
fenamfSO,"fenamifos-sulfoxide","fenamiphos sulfoxide"
fenamfs,"fenamifos","fenamiphos"
fenarml,"fenarimol","fenarimol"
fenbcb,"fenobucarb","fenobucarb"
fenbcnzl,"fenbuconazool","fenbuconazole"
fenbdzl,"fenbendazol","fenbendazole"
fenbtSnO,"fenbutatinoxide","fenbutatin oxide"
fenctne,"fenacitine","fenacetine"
fenfbnzr,"fenofibrinezuur","fenofibric acid"
fenfbt,"fenofibraat","fenofibrate"
fenfrm,"fenfuram","fenfuram"
fenhxAd,"fenhexamide","fenhexamid"
fenmdfm,"fenmedifam","phenmedipham"
fenmdn,"fenamidon","fenamidone"
fenmnsf,"fenaminosulf","fenaminosulf"
fenoxppP,"fenoxaprop-P","fenoxaprop-P"
fenpcnl,"fenpiclonil","fenpiclonil"
fenpcoamd,"fenpicoxamid","fenpicoxamid"
fenpfn,"fenoprofen","fenoprofen"
fenppdn,"fenpropidin","fenpropidin"
fenppmf,"fenpropimorf","fenpropimorph"
fenprAe,"fenpyrazamine","fenpyrazamine"
fenpratn,"fenpropathrin","fenpropathrin"
fenprxmt,"fenpyroximaat","fenpyroximate"
fenrn,"fenuron","fenuron"
fensfton,"fensulfothion","fensulfothion"
fentat,"fenthoaat","phenthoate"
fentn,"fenothrin","phenothrin"
fentoSO,"fenthion-sulfoxide","fenthion sulfoxide"
fenton,"fenthion","fenthion"
fentrl,"fenoterol","fenoterol"
fenvlrt,"fenvaleraat","fenvalerate"
fenxppPC2y,"fenoxaprop-P-ethyl","fenoxaprop-P-ethyl"
fenzn,"fenazon (antipyrine)","phenazone"
fenzqn,"fenazaquin","fenazaquin"
fipnl,"fipronil","fipronil"
fipnsfn,"fipronil-sulfon","fipronil sulfone"
flazsfrn,"flazasulfuron","flazasulfuron"
floncmd,"flonicamid","flonicamid"
florfncl,"florfenicol","florfenicol"
flrtmn,"flurtamon","flurtamone"
fluClaln,"fluchloralin","fluchloralin"
fluOxpmtl,"fluroxypyr-meptyl","fluroxypyr-meptyl"
fluTafl,"flutriafol","flutriafol"
fluacprm,"fluacrypyrim","fluacrypyrim"
flualnt,"fluvalinaat","fluvalinate"
fluazfC4y,"fluazifop-butyl","fluazifop-butyl"
fluazfPC4y,"fluazifop-P-butyl","fluazifop-P-butyl"
fluazfp,"fluazifop","fluazifop"
fluazfpP,"fluazifop-P","fluazifop-P"
fluaznm,"fluazinam","fluazinam"
flubDad,"flubendiamide","flubendiamid"
flubdzle,"flubendazole","flubendazole"
flubzmne,"flubenzimine","flubenzimine"
flucaclne,"flucloxacilline","flucloxacillin"
fluccxrn,"flucycloxuron","flucycloxuron"
flucnzl,"fluconazol","fluconazole"
fluctnt,"flucythrinaat","flucythrinate"
fludoxnl,"fludioxonil","fludioxonil"
flufnct,"flufenacet","flufenacet"
flufnxrn,"flufenoxuron","flufenoxuron"
flumoxzn,"flumioxazin","flumioxazin"
flumqne,"flumequine","flumequine"
flumtn,"flumethrin","flumethrin"
fluogcfnC2y,"fluorglycofen-ethyl","fluoroglycofen-ethyl"
fluomtrn,"fluometuron","fluometuron"
fluopclde,"fluopicolide","fluopicolide"
fluoprm,"fluopyram","fluopyram"
fluoxsbn,"fluoxastrobin","fluoxastrobin"
fluoxtne,"fluoxetine","fluoxetine"
fluprdfrn,"flupyradifuron","flupyradifuron"
fluqcnzl,"fluquinconazool","fluquinconazole"
flurOxpr,"fluroxypyr","fluroxypyr"
flurcl,"fluracil","fluoracil"
flurcrdn,"flurochloridon","flurochloridone"
flurlnr,"Fluralaner","fluralaner"
flurnC4y,"flurenol-butyl","flurenol-butyl"
flurslm,"florasulam","florasulam"
fluslzl,"flusilazool","flusilazole"
flutanl,"Flutianil","flutianil"
flutlnl,"flutolanil","flutolanil"
fluxprxd,"fluxapyroxad","fluxapyroxad"
folpt,"folpet","folpet"
fonfs,"fonofos","fonophos"
forasfrn,"foramsulfuron","foramsulfuron"
formtnHCl,"formetanaat-hydrochloride","formetanate hydrochloride"
formtnt,"formetanaat","formetanate"
formton,"formothion","formothion"
forsfOxd,"foraat-sulfoxide","phorate sulfoxide"
forsfn,"foraat-sulfon","phorate sulfone"
fort,"foraat","phorate"
fosC2yAl,"fosetyl-aluminium","fosetyl-aluminium"
fosfmdn,"fosfamidon","phosphamidon"
fosln,"fosalon","phosalone"
fosmOon,"fosmet-oxon","phosmet oxon"
fosmt,"fosmet","phosmet"
fostazt,"fosthiazaat","fosthiazate"
fostl,"fosetyl","fosetyl"
ftaalzrahdde,"ftaalzuuranhydride","phthalic anhydride"
ftalmde,"ftalimide","phthalimide"
fubrdzl,"fuberidazool","fuberidazole"
furlxl,"furalaxyl","furalaxyl"
furmccx,"furmecyclox","furmecyclox"
fursmde,"furosemide","furosemide"
furtocb,"furathiocarb","furathiocarb"
furzldn,"furazolidon","furazolidone"
fyccanne,"fycocyanine","phycocyanin"
fytl,"fytol","phytol"
gabptne,"gabapentine","gabapentin"
gemctbne,"gemcitabine","gemcitabine"
gemfbzl,"gemfibrozil","gemfibrozil"
gentocb,"fenothiocarb","fenothiocarb"
gentsnzr,"gentisinezuur","gentisic acid"
glufsnt,"glufosinaat","glufosinate"
glufsntNH4,"glufosinaat-ammonium","glufosinate-ammonium"
glycl,"glycol (monoethyleenglycol)","ethylene glycol"
glycrDactt,"glyceroldiacetaat","glycerol diacetate"
glycrTactt,"glyceroltriacetaat","glycerol triacetate"
glyfsnt,"glyfosine","glyphosine"
glyfst,"glyfosaat","glyphosate"
guanurum,"guanylureum","guanylurea"
halOxfC1y,"haloxyfop-methyl","haloxyfop-methyl"
halOxfC2oxC2,"haloxyfop-ethoxyethyl","haloxyfop-ethoxyethyl"
halOxfPC1y,"haloxyfop-P-methyl","haloxyfop-P-methyl"
halOxfp,"haloxyfop","haloxyfop"
halaxfnC1y,"halauxifen-methyl","halauxifen-methyl"
halfnzde,"halofenozide","halofenozide"
halon1011,"broomchloormethaan","bromochloromethane"
heptnfs,"heptenofos","heptenophos"
hextazx,"hexythiazox","hexythiazox"
hymxzl,"hymexazool","hymexazole"
iC3yantnlAd,"isopropylanthranilamide","isopropyl anthranilamide"
iC3yfpp,"iso-propylflamprop","isopropyl flamprop"
iClidzn,"isochloridazon","isochloridazon"
iOaftl,"isoxaflutool","isoxaflutole"
iOxnl,"ioxynil","ioxynil"
ibpfn,"ibuprofen","ibuprofen"
ibtzr,"iso-boterzuur","isobutyric acid"
icbfs,"isocarbofos","isocarbophos"
idn,"isodrin","isodrin"
ifetAd,"isofetamide","isofetamid"
iffAd,"ifosfamide","ifosfamide"
iffOon,"isofenfos-oxon","isofenphos oxon"
iffs,"isofenfos","isofenphos"
imdcpd,"imidacloprid","imidacloprid"
imzll,"imazalil","imazalil"
imzmtbzC1y,"imazamethabenz-methyl","imazamethabenz-methyl"
imzmx,"imazamox","imazamox"
imzpr,"imazapyr","imazapyr"
inda,"indaan","indane"
indl,"indol","indole"
indmtcne,"indometacine","indomethacin"
indxcb,"indoxacarb (S-isomeer)","indoxacarb"
ioxnOcnat,"ioxynil octanoaat","ioxynil octanoate"
ipDon,"iprodion","iprodione"
ipcb,"isoprocarb","isoprocarb"
ipcnzl,"ipconazole","ipconazole"
ipnfs,"iprobenfos","iprobenfos"
iptoln,"isoprothiolan","isoprothiolane"
iptrn,"isoproturon","isoproturon"
ipvlcb,"iprovalicarb","iprovalicarb"
irbstan,"irbesartan","irbesartan"
irgrl,"irgarol","irgarol"
isprzm,"isopyrazam","isopyrazam"
isxbn,"isoxaben","isoxaben"
iszfs,"isazofos","isazophos"
iurn,"isouron","isouron"
ivmctne,"ivermectine","ivermectin"
ixdfnC2y,"isoxadifen-ethyl","isoxadifen-ethyl"
ixtton,"isoxathion","isoxathion"
jodffs,"jodfenfos","iodofenphos"
johxl,"johexol","iohexol"
jompl,"jomeprol","iomeprol"
jopmde,"jopromide","iopromide"
jopmdl,"jopamidol","iopamidol"
jopninzr,"jopanoïnezuur","iopanoic acid"
jotlmnzr,"jotalaminezuur","iotalamic acid"
joxgnzr,"joxaglinezuur","ioxaglic acid"
joxtlmnzr,"joxitalaminezuur","ioxitalamic acid"
ketpfn,"ketoprofen","ketoprofen"
kresOxmC1y,"kresoxim-methyl","kresoxim-methyl"
lamnrn,"laminaran","laminaran"
lamtgne,"lamotrigine","lamotrigine"
lcyhltn,"lambda-cyhalothrin","lambda-cyhalothrin"
lencl,"lenacil","lenacil"
leptfs,"leptofos","leptophos"
levmsl,"levamisol","levamisole"
levngsl,"levonorgestrel","levonorgestrel"
levtrctm,"levetiracetam","levetiracetam"
lidcine,"lidocaïne","lidocaine"
lincmcne,"lincomycine","lincomycin"
linrn,"linuron","linuron"
lisnpl,"lisinopril","lisinopril"
lostan,"losartan","losartan"
lufnrn,"lufenuron","lufenuron"
mAh,"metaldehyde","metaldehyde"
malOon,"malaoxon","malaoxon"
malinhdzde,"maleinehydrazide","maleic hydrazide"
malton,"malathion","malathion"
manczb,"mancozeb","mancozeb"
mandppAd,"mandipropamide","mandipropamid"
mandsbn,"mandestrobin","mandestrobin"
mebdzl,"mebendazol","mebendazole"
mecbm,"mecarbam","mecarbam"
mecccne,"meclocycline","meclocycline"
mecppP,"mecoprop-P","mecoprop-P"
mefTFcnzl,"mefentrifluconazool","mefentrifluconazole"
meffln,"mefosfolan","mephosfolan"
mefnct,"mefenacet","mefenacet"
mefpDC2y,"mefenpyr-diethyl","mefenpyr-diethyl"
mepnl,"mepronil","mepronil"
mepnprm,"mepanipyrim","mepanipyrim"
mepqCl,"mepiquatchloride","mepiquat chloride"
mepqat,"mepiquat","mepiquat"
mesnl,"mestranol","mestranol"
messfrnC1y,"mesosulfuron-methyl","mesosulfuron-methyl"
meston,"mesotrion","mesotrione"
metNa,"metham-natrium","metham-sodium"
metbmrn,"metobromuron","metobromuron"
metbtazrn,"metabenzthiazuron","metabenzthiazuron"
metbzn,"metribuzin","metribuzin"
metcb,"metolcarb","metolcarb"
metcnzl,"metconazool","metconazole"
metdton,"methidathion","methidathion"
metfmne,"metformine","metformin"
metfnn,"metrafenon","metrafenone"
methcfs,"methacrifos","methacrifos"
metlCl,"metolachloor","metolachlor"
metlClC2asfz,"metolachlor ethaansulfonzuur","metolachlor ethanesulfonic acid"
metlClOoHac,"metolachlor oxo azijnzuur","metolachlor oxoacetic acid"
metml,"methomyl","methomyl"
metndzl,"metronidazol","metronidazole"
metocb,"methiocarb","methiocarb"
metocbSO,"methiocarbsulfoxide","methiocarb sulfoxide"
metocbsfn,"methiocarbsulfon","methiocarb sulfone"
metpll,"metoprolol","metoprolol"
metpn,"methopreen","methoprene"
metptn,"methoprotryn","methoprotryn"
metrm,"metiram","metiram"
metslm,"metosulam","metosulam"
mettxt,"methotrexaat","methotrexate"
metxrn,"metoxuron","metoxuron"
metzClC2asfz,"metazachloor-ethaansulfonzuur","metazachlor ethanesulfonic acid"
metzClOoHac,"metazachloor oxo azijnzuur","metazachlor oxoacetic acid"
mevfs,"mevinfos","mevinphos"
mexcbt,"mexacarbaat","mexacarbate"
mfmzn,"metaflumizon","metaflumizone"
micanzl,"miconazol","miconazole"
milbmcA3,"milbemycin A3","milbemycin A3"
milbmcA4,"milbemycin A4","milbemycin A4"
minrlole,"minerale olie","mineral oil"
mirx,"mirex","mirex"
mlxl,"metalaxyl","metalaxyl"
mlxlM,"metalaxyl-M","metalaxyl-M"
mmtn,"metamitron","metamitron"
molnt,"molinaat","molinate"
monlde,"monalide","monalide"
monrn,"monuron","monuron"
monsn,"monensin","monensin"
moxdtn,"moxidectin","moxidectin"
mtmdfs,"methamidofos","methamidophos"
muskxln,"musk-xyleen","musk xylene"
mycbtnl,"myclobutanil","myclobutanil"
myomne,"myosmine","myosmine"
mzCl,"metazachloor","metazachlor"
nafclne,"nafcilline","nafcillin"
nald,"naled","naled"
nappAd,"napropamide","napropamid"
napxn,"naproxen","naproxen"
nebrn,"neburon","neburon"
nicsfrn,"nicosulfuron","nicosulfuron"
nictne,"nicotine","nicotine"
nitprm,"nitenpyram","nitenpyram"
nittliC3y,"nitrothal-isopropyl","nitrothal-isopropyl"
nodlrn,"nodularin","nodularin"
noretsrn,"norethisteron","norethisterone"
norfrzn,"norflurazon","norflurazon"
norfxcne,"norfloxacine","norfloxacin"
novlrn,"novaluron","novaluron"
nuarml,"nuarimol","nuarimol"
oTolsfAd,"o-tolueensulfonamide","o-toluenesulfonamide"
ocresl,"o-cresol","o-cresol"
octclne,"octocrilene","octocrylene"
oestn,"oestron","estrone"
ofrce,"ofurace","ofurace"
ofxcne,"ofloxacine","ofloxacin"
oladmcn,"oleandomycin","oleandomycin"
oladmcnPO4,"oleandomycinefosfaat","oleandomycin phosphate"
omtat,"omethoaat","omethoate"
orbcb,"orbencarb","orbencarb"
orzln,"oryzalin","oryzalin"
oxfdzle,"oxfendazole","oxfendazole"
oxzpm,"oxazepam","oxazepam"
pTolsfAd,"p-tolueensulfonamide","p-toluenesulfonamide"
pacbtzl,"paclobutrazol","paclobutrazol"
parctml,"paracetamol","paracetamol"
paroetne,"paroxetine","paroxetine"
paroonC1y,"paraoxon-methyl","paraoxon-methyl"
paroonC2y,"paraoxon-ethyl","paraoxon-ethyl"
peblt,"pebulaat","pebulate"
penccrn,"pencycuron","pencycuron"
penclnG,"penicilline G","penicillin G"
penclnV,"penicilline V","penicillin V"
pencnzl,"penconazool","penconazole"
pendmtln,"pendimethalin","pendimethalin"
penffn,"penflufen","penflufen"
pentoprd,"penthiopyrad","penthiopyrad"
permtn,"permethrin","permethrin"
pertn,"perthaan","perthane"
piclnfn,"picolinafen","picolinafen"
picrm,"picloram","picloram"
picxsbn,"picoxystrobin","picoxystrobin"
pinadn,"pinoxaden","pinoxaden"
pindll,"pindolol","pindolol"
pipprn,"pipamperon","pipamperone"
piprnbO,"piperonyl-butoxide","piperonyl butoxide"
pirmcb,"pirimicarb","pirimicarb"
pirmcdC1y,"pirimicarb-desmethyl","pirimicarb-desmethyl"
pirmcdC1yfa,"pirimicarb-desmethyl-formamido","pirimicarb-desmethyl-formamido"
pirmsfrnC1y,"pirimisulfuron-methyl","pirimisulfuron-methyl"
plifnt,"plifenaat","plifenate"
poxflne,"pentoxifylline","pentoxifylline"
pqtDCl,"paraquat-dichloride","paraquat dichloride"
primdn,"primidon","primidone"
proClaz,"prochloraz","prochloraz"
proHxDonCa,"prohexadione-calcium","prohexadione-calcium"
procmdn,"procymidon","procymidone"
profm,"profam","propham"
profnfs,"profenofos","profenofos"
profxdm,"profoxydim","profoxydim"
progtrn,"progesteron","progesterone"
promcb,"promecarb","promecarb"
promtn,"prometon","prometon"
promtne,"prometryne","prometryn"
propAd,"propyzamide","propyzamid"
propCl,"propachloor","propachlor"
propcnzl,"propiconazol (som cis- en trans-)","propiconazole"
propfl,"propofol","propofol"
propfnzn,"propyfenazon","propyphenazone"
propfs,"propafos","propaphos"
propgt,"propargiet","propargite"
propmcb,"propamocarb","propamocarb"
propmcbHCl,"propamocarb hydrochloride","propamocarb hydrochloride"
propnl,"propanil","propanil"
propnll,"propranolol","propranolol"
propozr,"propionzuur","propionic acid"
propqzfp,"propaquizafop","propaquizafop"
proptfs,"propetamfos","propetamphos"
propxcbzn,"propoxycarbazon","propoxycarbazone"
propxr,"propoxur","propoxur"
propzne,"propazine","propazine"
proqazd,"proquinazid","proquinazid"
prosfcb,"prosulfocarb","prosulfocarb"
prosfrn,"prosulfuron","prosulfuron"
protat,"prothoaat","prothioate"
protocb,"prothiocarb","prothiocarb"
protocnzdto,"prothioconazol-desthio","prothioconazole-desthio"
protocnzl,"prothioconazool","prothioconazole"
protofs,"prothiofos","prothiophos"
pymtzne,"pymetrozine","pymetrozine"
pyrazfs,"pyrazofos","pyrazophos"
pyrcbld,"pyracarbolid","pyracarbolid"
pyrcfs,"pyraclofos","pyraclofos"
pyrcsbn,"pyraclostrobin","pyraclostrobin"
pyrdbn,"pyridaben","pyridaben"
pyrdfl,"pyridafol","pyridafol"
pyrdfton,"pyridafention","pyridafention"
pyrdll,"pyridalyl","pyridalyl"
pyrdne,"pyridine","pyridine"
pyrdt,"pyridaat","pyridate"
pyrffn,"pyraflufen","pyraflufen"
pyrffnC2y,"pyraflufen-ethyl","pyraflufen-ethyl"
pyrfnx,"pyrifenox","pyrifenox"
pyrmdfn,"pyrimidifen","pyrimidifen"
pyrmtnl,"pyrimethanil","pyrimethanil"
pyrofnn,"pyriofenon","pyriofenone"
pyrpxfn,"pyriproxyfen","pyriproxyfen"
pyrqln,"pyroquilon","pyroquilon"
pyrslm,"pyroxsulam","pyroxsulam"
pyrtnI,"pyrethrin I","pyrethrin I"
pyrtnn,"pyrethrinen","pyrethrins"
pyrzl,"pyrazol","pyrazole"
quetpne,"quetiapine","quetiapine"
quincmn,"quinoclamin","quinoclamine"
quinfs,"quinalfos","quinalfos"
quinlne,"quinoline","quinoline"
quinmrc,"quinmerac","quinmerac"
quinmtont,"quinomethionaat","quinomethionate"
quinoxfn,"quinoxyfen","quinoxyfen"
quizlfC2y,"quizalofop-ethyl","quizalofop-ethyl"
quizlfPC2y,"quizalofop-P-ethyl","quizalofop-P-ethyl"
quizlfp,"quizalofop","quizalofop"
rantdne,"ranitidine","ranitidine"
resmtn,"resmethrin","resmethrin"
rimsfrn,"rimsulfuron","rimsulfuron"
ritlnzr,"ritalinezuur","ritalic acid"
rondzl,"ronidazol","ronidazole"
rotnn,"rotenon","rotenone"
roxtmcne,"roxitromycine","roxithromycin"
s12x5T4ClBen,"som 1,2,3,5- en 1,2,4,5-tetrachloorbenzeen","sum 1,2,3,5- and 1,2,4,5-tetrachlorobenzene"
s1314xyln,"som 1,3- en 1,4-xyleen","sum 1,3- and 1,4-xylene"
s23x6T4ClFol,"som 2,3,4,6- en 2,3,5,6-tetrachloorfenol","sum 2,3,4,6- and 2,3,5,6-tetrachlorophenol"
s2425DClAn,"som 2,4- en 2,5-dichlooraniline","sum 2,4- and 2,5-dichloroaniline"
s2425DClFol,"som 2,4- en 2,5-dichloorfenol","sum 2,4- and 2,5-dichlorophenol"
s2xDClFol,"som 2,3-, 2,4-, 2,5- en 2,6-dichloorfenol","sum 2,3-, 2,4-, 2,5- and 2,6-dichlorophenol"
s34C2yTol,"som 3- en 4-ethyltolueen","sum 3- and 4-ethyltoluene"
s34ttCy4Fol,"som 3- en 4-tertiair-butylfenol","sum 3- and 4-tert-butylphenol"
s35DC1yFol4C,"som 3,5-dimethylfenol en 4-ethylfenol","sum 3,5-dimethylphenol and 4-ethylphenol"
s45C1y1Hbzta,"som 4- en 5-methyl-1H-benzotriazool","sum 4- and 5-methyl-1H-benzotriazole"
s45Cl2C1yAn,"som 4- en 5-chloor-2-methylaniline","sum 4- and 5-chloro-2-methylaniline"
s4C9yFol,"som 4-nonylfenol-isomeren (vertakt)","sum 4-nonylphenol isomers (branched)"
sAEs,"som alkylethoxylaten","sum alkyl ethoxylates"
sANNADOLIC1,"som Anabaena en Dolichospermum [1]","sum Anabaena and Dolichospermum [1]"
sAOX,"som adsorbeerbare organische halogeenverbindingen","sum adsorbable organic halogen compounds"
sBbjF,"som benzo(b)fluorantheen en benzo(j)fluorantheen","sum benzo(b)fluoranthene and benzo(j)fluoranthene"
sBbkF,"som benzo(b)fluorantheen en benzo(k)fluorantheen","sum benzo(b)fluoranthene and benzo(k)fluoranthene"
sBghiPInP,"som benzo(ghi)peryleen en indeno(1,2,3-cd)pyreen","sum benzo(ghi)perylene and indeno(1,2,3-cd)pyrene"
sC10C13Clakn,"som C10-C13-chlooralkanen","sum C10-C13 chloroalkanes"
sC2oxdm,"sethoxydim","sethoxydim"
sCHLFa4,"som 4 chlorofyl-a fracties","sum 4 chlorophyll-a fractions"
sChER,"som cholinesteraseremmers","sum cholinesterase inhibitors"
sClFol,"som chloorfenolen","sum chlorophenols"
sCldn,"som chloordaan (som cis- en trans-)","sum chlordane (sum cis- and trans-)"
sDC1yFol3,"som 3 dimethylfenolen (4-ethyl-3,5- en 2,3- en 3,5-)","sum 3 dimethylphenols (4-ethyl-3,5- and 2,3- and 3,5-)"
sDC8yFt2,"som dioctylftalaat en bis(2-ethylhexyl)ftalaat (DEHP)","sum dioctyl phthalate and bis(2-ethylhexyl) phthalate (DEHP)"
sDClBen,"som dichloorbenzeen-isomeren","sum dichlorobenzene isomers"
sDClC2e,"som dichlooretheen-isomeren","sum dichloroethene isomers"
sDClC3a,"som dichloorpropaan-isomeren","sum dichloropropane isomers"
sDClC3a3,"som 3 dichloorpropanen (som 1,1- en 1,2- en 1,3-)","sum 3 dichloropropanes (sum 1,1- and 1,2- and 1,3-)"
sDClFol6,"som 6 dichloorfenolen (Bbk, 1-1-2008)","sum 6 dichlorophenols (Bbk, 1-1-2008)"
sDDD,"som 2,4'- en 4,4'-DDD","sum 2,4'- and 4,4'-DDD"
sDDE,"som 2,4'- en 4,4'-DDE","sum 2,4'- and 4,4'-DDE"
sDDT,"som 2,4'- en 4,4'-DDT","sum 2,4'- and 4,4'-DDT"
sDDX2,"som 2,4'-DDT en 4,4'-DDD","sum 2,4'-DDT and 4,4'-DDD"
sDDX4,"som 2,4'-DDT, 4,4'-DDT, 4,4'-DDD en 4,4'-DDE","sum 2,4'-DDT, 4,4'-DDT, 4,4'-DDD and 4,4'-DDE"
sDDX6,"som 2,4'-, 4,4'-DDT, 2,4'-, 4,4'-DDD, 2,4'- en 4,4'-DDE","sum 2,4'-, 4,4'-DDT, 2,4'-, 4,4'-DDD, 2,4'- and 4,4'-DDE"
sDOxns29,"som 29 dioxines (Bbk, 1-10-2010, als TEQ)","sum 29 dioxins (Bbk, 1-10-2010, as TEQ)"
sDRIJFBEMSPT,"som drijfblad- en emerse planten","sum floating-leaf and emergent plants"
sDtocbmt,"som dithiocarbamaten","sum dithiocarbamates"
sEDTANTADTPA,"som EDTA, NTA en DTPA","sum EDTA, NTA and DTPA"
sEMSOVPTN,"som emerse en oeverplanten","sum emergent and marginal plants"
sEOV,"som extraheerbare oliën en vetten","sum extractable oils and fats"
sEOX,"som extraheerbare organische halogeenverbindingen","sum extractable organic halogen compounds"
sFEO,"som Feopigment","sum pheophytin"
sFLABKROOS,"som flab en kroos","sum filamentous algae and duckweed"
sFolwv,"som fenolen waterdampvluchtig","sum phenols water-vapor volatile"
sHBCD,"som 1,2,5,6,9,10-hexabroomcyclododecaan","sum 1,2,5,6,9,10-hexabromocyclododecane"
sHCH,"som hexachloorcyclohexaan-isomeren","sum hexachlorocyclohexane isomers"
sHCH3,"som a-, b- en c-HCH","sum α-, β- and γ-HCH"
sHCH4,"som a-, b-, c- en d-HCH","sum α-, β-, γ- and δ-HCH"
sHpCl1,"som heptachloor en cis-heptachloorepoxide","sum heptachlor and cis-heptachlor epoxide"
sHpCl2,"som heptachloor en cis- en trans-heptachloorepoxide","sum heptachlor and cis- and trans-heptachlor epoxide"
sHpClepO,"som heptachloorepoxide (som cis- en trans-)","sum heptachlor epoxide (sum cis- and trans-)"
sMAK,"som monocyclische aromatische koolwaterstoffen (BTEX)","sum monocyclic aromatic hydrocarbons (BTEX)"
sMCPB24DB,"som MCPB en 24DB","sum MCPB and 2,4-DB"
sMClAn,"som monochlooraniline-isomeren","sum monochloroaniline isomers"
sMClFol,"som monochloorfenol-isomeren","sum monochlorophenol isomers"
sMICCTNS,"som microcystines","sum microcystins"
sNO3NO2,"som nitraat en nitriet","sum nitrate and nitrite"
sPAK10,"som 10 polycyclische aromatische koolwaterstoffen (VROM)","sum 10 polycyclic aromatic hydrocarbons (VROM)"
sPAK16,"som 16 polycyclische aromatische koolwaterstoffen (EPA)","sum 16 polycyclic aromatic hydrocarbons (EPA)"
sPAK6,"som 6 polycyclische aromatische koolwaterstoffen (Borneff)","sum 6 polycyclic aromatic hydrocarbons (Borneff)"
sPBDE6,"som PBDE28, 47, 99, 100, 153, 154","sum PBDE28, 47, 99, 100, 153, 154"
sPCB2831,"som PCB28 en PCB31","sum PCB28 and PCB31"
sPCB6,"som 6 polychloorbifenylen PCB28, 52, 101, 138, 153, 180","sum 6 polychlorinated biphenyls PCB28, 52, 101, 138, 153, 180"
sPCB7,"som 7 polychloorbifenylen PCB28, 52, 101, 118, 138, 153, 180","sum 7 polychlorinated biphenyls PCB28, 52, 101, 118, 138, 153, 180"
sPO4,"som orthofosfaat en hydrolyseerbaar fosfaat","sum orthophosphate and hydrolyzable phosphate"
sPTOXSBAGN,"som potentieel toxische blauwalgen","sum potentially toxic blue-green algae"
sSUBMSDBEMSP,"som submerse, drijfblad- en emerse planten","sum submerged, floating-leaf and emergent plants"
sSUBMSDBPTN,"som submerse en drijfbladplanten","sum submerged and floating-leaf plants"
sSUBMSPTDAGN,"som submerse planten en draadalgen","sum submerged plants and filamentous algae"
sT4ClBen,"som tetrachloorbenzeen-isomeren","sum tetrachlorobenzene isomers"
sT4ClFol,"som tetrachloorfenol-isomeren","sum tetrachlorophenol isomers"
sTClBen,"som trichloorbenzenen (som 1,2,3- en 1,2,4- en 1,3,5-)","sum trichlorobenzenes (sum 1,2,3- and 1,2,4- and 1,3,5-)"
sTClFol,"som trichloorfenol-isomeren","sum trichlorophenol isomers"
sTOXSBAGN5,"som 5 toxische blauwalgen","sum 5 toxic blue-green algae"
sVCK,"som vluchtige chloorkoolwaterstoffen","sum volatile chlorinated hydrocarbons"
sVOC,"som vluchtige organische verbindingen (GM-MS-screening)","sum volatile organic compounds (GC-MS screening)"
sVOX,"som vluchtige organische halogeenverbindingen","sum volatile organic halogen compounds"
sabcHBCD,"som a-, b- en c-HBCD","sum α-, β- and γ-HBCD"
saccrne,"saccharine","saccharin"
salbtml,"salbutamol","salbutamol"
salczr,"salicylzuur","salicylic acid"
sanionn,"som anionen","sum anions"
santadgnsfn,"som anti-androgene stoffen","sum anti-androgenic substances"
scresl2,"som m-cresol en p-cresol","sum m-cresol and p-cresol"
sdetgtaiatf,"som detergenten anionactief","sum anionic surfactants"
sdetgtkiatf,"som detergenten kationactief","sum cationic surfactants"
sdetgtniatf,"som detergenten nonionactief","sum nonionic surfactants"
sdmtn,"som o-demeton en s-demeton","sum O-demeton and S-demeton"
sdrin3,"som aldrin, dieldrin en endrin","sum aldrin, dieldrin and endrin"
sdrin4,"som aldrin, dieldrin, endrin en isodrin","sum aldrin, dieldrin, endrin and isodrin"
sdrin5,"som aldrin, dieldrin, endrin, isodrin en telodrin","sum aldrin, dieldrin, endrin, isodrin and telodrin"
seC4yazne,"sebutylazine","sebutylazine"
secC4yBen,"secundair-butylbenzeen","sec-butylbenzene"
secbmtn,"secbumeton","secbumeton"
sedxne,"sedaxane","sedaxane"
sendsfn2,"som alfa-endosulfan en endosulfansulfaat","sum α-endosulfan and endosulfan sulfate"
sestgnsfn,"som estrogene stoffen","sum estrogenic substances"
sftalt,"som ftalaten","sum phthalates"
sgewbsmmdln,"som gewasbeschermingsmiddelen (BKMW)","sum plant protection products (BKMW)"
silfofn,"silafluofen","silafluofen"
siltofm,"silthiofam","silthiofam"
simtn,"simetryn","simetryn"
simvstne,"simvastatine","simvastatin"
simzne,"simazine","simazine"
sindxcb,"som indoxacarb (S- en R-isomeer)","sum indoxacarb (S- and R-isomer)"
skationn,"som kationen","sum cations"
slinverPFHxS,"som lineair en vertakte perfluorhexaansulfonzuur","sum linear and branched perfluorohexanesulfonic acid"
slinvertPFOA,"som lineair en vertakte perfluoroctaanzuur","sum linear and branched perfluorooctanoic acid"
slinvertPFOS,"som lineair en vertakte perfluoroctylsulfonaat","sum linear and branched perfluorooctylsulfonate"
smilbmcn,"som milbemycin A3 + A4","sum milbemycin A3 + A4"
sotll,"sotalol","sotalol"
speroxsplfrt,"som peroxisoom proliferators (gamma)","sum peroxisome proliferators (γ)"
spetlusfntn,"som petroleumsulfonaten","sum petroleum sulfonates"
spinsd,"spinosad","spinosad"
spinsnA,"spinosynA","spinosyn A"
spinsnD,"spinosynD","spinosyn D"
spintrm,"spinetoram (mix)","spinetoram (mix)"
spirdcfn,"spirodiclofen","spirodiclofen"
spirmcne,"spiramycine (I+II+III)","spiramycin (I+II+III)"
spirmsfn,"spiromesifen","spiromesifen"
spirttmt,"spirotetramat","spirotetramat"
spirxmne,"spiroxamine","spiroxamine"
spyrtnIenII,"som pyrethrin I en II","sum pyrethrin I and II"
sttC8yFol,"som tertiair-octylfenol-isomeren","sum tert-octylphenol isomers"
styrn,"styreen","styrene"
succmr,"succimer","succimer"
suclse,"sucralose","sucralose"
sulcton,"sulcotrion","sulcotrione"
sulfClprdzne,"sulfachloorpyridazine","sulfachloropyridazine"
sulfafr,"sulfoxaflor","sulfoxaflor"
sulfdazne,"sulfadiazine","sulfadiazine"
sulfdmdne,"sulfadimidine","sulfadimidine"
sulfdmtoxne,"sulfadimethoxine","sulfadimethoxine"
sulfdxne,"sulfadoxine","sulfadoxine"
sulfmrzn,"sulfamerazin","sulfamerazine"
sulfmtoazl,"sulfamethoxazol","sulfamethoxazole"
sulfprdne,"sulfapyridine","sulfapyridine"
sulfqoxlne,"sulfaquinoxaline","sulfaquinoxaline"
sulfsfrn,"sulfosulfuron","sulfosulfuron"
sulftp,"sulfotep","sulfotepp"
sulftzl,"sulfathiazol","sulfathiazole"
sulpfs,"sulprofos","sulprofos"
sverttPFHxS,"som vertakte PFHxS-isomeren","sum branched PFHxS isomers"
sverttPFOA,"som vertakte PFOA-isomeren","sum branched PFOA isomers"
sverttPFOS,"som vertakte PFOS-isomeren","sum branched PFOS isomers"
sxyln,"som xyleen-isomeren","sum xylene isomers"
t1011DHOx101,"trans-10,11-dihydroxy-10,11-dihydrocarbazepine","trans-10,11-dihydroxy-10,11-dihydrocarbamazepine"
t12DClC2e,"trans-1,2-dichlooretheen","trans-1,2-dichloroethene"
t13DClC3e,"trans-1,3-dichloorpropeen","trans-1,3-dichloropropene"
tCldn,"trans-chloordaan","trans-chlordane"
tHpClepO,"trans-heptachloorepoxide","trans-heptachlor epoxide"
tabdzl,"thiabendazol","thiabendazole"
tamxfn,"tamoxifen","tamoxifen"
taufvlnt,"tau-fluvalinaat","tau-fluvalinate"
tebcnzl,"tebuconazol","tebuconazole"
tebfnzde,"tebufenozide","tebufenozide"
tebfprd,"tebufenpyrad","tebufenpyrad"
tebprfs,"tebupirimfos","tebupirimfos"
tebturn,"tebuthiuron","tebuthiuron"
tecnzn,"tecnazeen","tecnazene"
tecrbzneC1y,"thiencarbazone-methyl","thiencarbazone-methyl"
tefbzrn,"teflubenzuron","teflubenzuron"
teftn,"tefluthrin","tefluthrin"
teldn,"telodrin","telodrin"
tembtone,"tembotrione","tembotrione"
temfs,"temefos","temephos"
temzpm,"temazepam","temazepam"
teplxdm,"tepraloxydim","tepraloxydim"
terC4yazne,"terbutylazine","terbuthylazine"
terbcl,"terbacil","terbacil"
terbfs,"terbufos","terbufos"
terbmtn,"terbumeton","terbumeton"
terbtlne,"terbutaline","terbutaline"
terbtn,"terbutrin","terbutryn"
texanl,"texanol","texanol"
tfluoxsbn,"trans-fluoxastrobin","trans-fluoxastrobin"
tftn,"transfluthrin","transfluthrin"
tganactn,"trans-geranylaceton","trans-geranylacetone"
thiacpd,"thiacloprid","thiacloprid"
thiamtxm,"thiamethoxam","thiamethoxam"
thifsfrn,"thifensulfuron","thifensulfuron"
thifsfrnC1y,"thifensulfuron-methyl","thifensulfuron-methyl"
thirm,"thiram","thiram"
tiamlne,"tiamuline","tiamulin"
tilmcsne,"tilmicosine","tilmicosin"
tmevfs,"trans-mevinfos","trans-mevinphos"
toDcb,"thiodicarb","thiodicarb"
tobcb,"thiobencarb","thiobencarb"
toccm,"thiocyclam","thiocyclam"
tofnC1y,"thiofanaat-methyl","thiophanate-methyl"
tofnSO,"thiofanox-sulfoxide","thiofanox sulfoxide"
tofnsfn,"thiofanox-sulfon","thiofanox sulfone"
tofnx,"thiofanox","thiofanox"
tolcfsC1y,"tolclofos-methyl","tolclofos-methyl"
tolfAezr,"tolfenaminezuur","tolfenamic acid"
tolfande,"tolylfluanide","tolylfluanid"
tomtn,"thiometon","thiometon"
topmzn,"topramezon","topramezone"
toxafn,"toxafeen","toxaphene"
tpermtn,"trans-permethrin","trans-permethrin"
tpyrfnx,"trans-pyrifenox","trans-pyrifenox"
tramdl,"tramadol","tramadol"
tris2C2yC6yP,"tris(2-ethylhexyl)fosfaat","tris(2-ethylhexyl) phosphate"
tris2C4oxC2y,"tris(2-butoxyethyl)fosfaat","tris(2-butoxyethyl) phosphate"
tris2Cl1ClC1,"tris(2-chloor-1-(chloormethyl)ethyl)fosfaat","tris(2-chloro-1-(chloromethyl)ethyl) phosphate"
tritsfrn,"tritosulfuron","tritosulfuron"
ttC4ol,"tertiair-butanol","tert-butanol"
ttC4yBen,"tertiair-butylbenzeen","tert-butylbenzene"
tylsne,"tylosine","tylosin"
valfnlt,"valifenalaat","valifenalate"
valrazr,"valeriaanzuur","valeric acid"
valstan,"valsartan","valsartan"
valstzr,"valsartanzuur","valsartan acid"
valum,"valium","diazepam"
vamdton,"vamidothion","vamidothion"
vanlne,"vanilline","vanillin"
venlfxne,"venlafaxine","venlafaxine"
verdx,"verdox","verdox"
vernlt,"vernolaat","vernolate"
vigbtne,"vigabatrine","vigabatrin"
vinczln,"vinclozolin","vinclozolin"
virgnamcne,"virginiamycine","virginiamycin"
warfrn,"warfarin","warfarin"
zOaAd,"zoxamide","zoxamid"