rwscode,dutch_name,iupac_name,row_number,tried_names
11ClPF3OUdS,11-chlooreicosafluor-3-oxaundecaan-1-sulfonzuur,11-chloroeicosafluoro-3-oxaundecan-1-sulfonic acid,5,11-chloroeicosafluoro-3-oxaundecan-1-sulfonic acid; 11-chlooreicosafluor-3-oxaundecaan-1-sulfonzuur
135Talicaurt,"1,3,5-triallylisocyanuraat","1,3,5-triallyl-1,3,5-triazine-2,4,6-trione",37,"1,3,5-triallyl-1,3,5-triazine-2,4,6-trione; 1,3,5-triallylisocyanuraat"
1C1yC12yBen,1-methyldodecylbenzeen,1-methyl-4-dodecylbenzene,58,1-methyl-4-dodecylbenzene; 1-methyldodecylbenzeen
1C3ol2ClPO4,1-propanol-2-chloorfosfaat,propyl 2-chlorophosphate,62,propyl 2-chlorophosphate; 1-propanol-2-chloorfosfaat
rwscode,dutch_name,iupac_name,100,iupac_name; dutch_name
11ClPF3OUdS,11-chlooreicosafluor-3-oxaundecaan-1-sulfonzuur,11-chloroeicosafluoro-3-oxaundecan-1-sulfonic acid,105,11-chloroeicosafluoro-3-oxaundecan-1-sulfonic acid; 11-chlooreicosafluor-3-oxaundecaan-1-sulfonzuur
135Talicaurt,"1,3,5-triallylisocyanuraat","1,3,5-triallyl-1,3,5-triazine-2,4,6-trione",137,"1,3,5-triallyl-1,3,5-triazine-2,4,6-trione; 1,3,5-triallylisocyanuraat"
1C1yC12yBen,1-methyldodecylbenzeen,1-methyl-4-dodecylbenzene,158,1-methyl-4-dodecylbenzene; 1-methyldodecylbenzeen
1C3ol2ClPO4,1-propanol-2-chloorfosfaat,propyl 2-chlorophosphate,162,propyl 2-chlorophosphate; 1-propanol-2-chloorfosfaat
24DDE,"2,4'-dichloordifenyldichlooretheen","2,4'-dichlorodiphenyldichloroethene",204,"2,4'-dichlorodiphenyldichloroethene; 2,4'-dichloordifenyldichlooretheen"
24DP,"2,4-dichloorfenoxypropionzuur","2,4-dichlorophenoxypropionic acid",207,"2,4-dichlorophenoxypropionic acid; 2,4-dichloorfenoxypropionzuur"
3vn4C1yprl25,"3-vinyl-4-methylpyrrool-2,5-dion","3-vinyl-4-methylpyrrole-2,5-dione",289,"3-vinyl-4-methylpyrrole-2,5-dione; 3-vinyl-4-methylpyrrool-2,5-dion"
4-PFECHS,"decafluor-4-(1,1,2,2,2-pentafluorethyl)cyclohexaansulfonzuur","decafluoro-4-(1,1,2,2,2-pentafluoroethyl)cyclohexanesulfonic acid",290,"decafluoro-4-(1,1,2,2,2-pentafluoroethyl)cyclohexanesulfonic acid; decafluor-4-(1,1,2,2,2-pentafluorethyl)cyclohexaansulfonzuur"
41HOx1C1yC2y,4-(1-hydroxy-1-methylethyl)-acetofenon,4-(1-hydroxy-1-methylethyl)acetophenone,291,4-(1-hydroxy-1-methylethyl)acetophenone; 4-(1-hydroxy-1-methylethyl)-acetofenon
44DDE,"4,4'-dichloordifenyldichlooretheen","4,4'-dichlorodiphenyldichloroethene",296,"4,4'-dichlorodiphenyldichloroethene; 4,4'-dichloordifenyldichlooretheen"
C1yfpp,methylflamprop,methyl flamprop,301,methyl flamprop; methylflamprop
C1ymsfrn,methyl-metsulfuron,methyl metsulfuron,303,methyl metsulfuron; methyl-metsulfuron
C1yprmfs,methylpirimifos,methyl pirimiphos,305,methyl pirimiphos; methylpirimifos
C2y2C1yBensf,ethyl-2-methylbenzeensulfonamide,ethyl 2-methylbenzenesulfonamide,313,ethyl 2-methylbenzenesulfonamide; ethyl-2-methylbenzeensulfonamide
C2yClprfs,ethylchloorpyrifos,ethyl chlorpyrifos,318,ethyl chlorpyrifos; ethylchloorpyrifos
C4yBensfAd,butylbenzeensulfonamide,butylbenzenesulfonamide,328,butylbenzenesulfonamide; butylbenzeensulfonamide
CATCANBTRDLG,Categorie Cyanobacteriedrijflaag,Category Cyanobacteria floating layer,340,Category Cyanobacteria floating layer; Categorie Cyanobacteriedrijflaag
CNvrij,cyanide-vrij,free cyanide,350,free cyanide; cyanide-vrij
CUSP,Cuspidothrix,Cuspidothrix,354,Cuspidothrix
CYANBTRDLG,Cyanobacteriedrijflaag,Cyanobacteria floating layer,355,Cyanobacteria floating layer; Cyanobacteriedrijflaag
CYLI,Cylindrospermopsis,Cylindrospermopsis,356,Cylindrospermopsis
CZV,Chemisch zuurstofverbruik,Chemical oxygen demand,357,Chemical oxygen demand; Chemisch zuurstofverbruik
Canorg,koolstof anorganisch,inorganic carbon,360,inorganic carbon; koolstof anorganisch
Corg,koolstof organisch,organic carbon,396,organic carbon; koolstof organisch
CoxC1yTC8yOH,"Carboxymethyldimethyl-3-[[(3,3,4,4,5,5,6,6,7,7,8,8,8-tridecafluoroctyl)sulfonyl]amino]propylammonium","carboxymethyldimethyl-3-[[(3,3,4,4,5,5,6,6,7,7,8,8,8-tridecafluorooctyl)sulfonyl]amino]propylammonium",397,"carboxymethyldimethyl-3-[[(3,3,4,4,5,5,6,6,7,7,8,8,8-tridecafluorooctyl)sulfonyl]amino]propylammonium; Carboxymethyldimethyl-3-[[(3,3,4,4,5,5,6,6,7,7,8,8,8-tridecafluoroctyl)sulfonyl]amino]propylammonium"
DEELMSR,Deelmonster,Subsample,434,Subsample; Deelmonster
DIERSR,Dierenspoor,Animal tracks,439,Animal tracks; Dierenspoor
DOLIC1,Dolichospermum [1],Dolichospermum,442,Dolichospermum; Dolichospermum [1]
DRAADAGN,Draadalgen,Filamentous algae,448,Filamentous algae; Draadalgen
DRIJFBPTN,Drijfbladplanten,Floating leaf plants,449,Floating leaf plants; Drijfbladplanten
DS,Droge stof,Dry matter,450,Dry matter; Droge stof
DmtnmdC2asfz,dimethenamid ethaansulfonzuur,dimethenamid ethanesulfonic acid,490,dimethenamid ethanesulfonic acid; dimethenamid ethaansulfonzuur
EMSPTN,Emerse planten,Emergent plants,513,Emergent plants; Emerse planten
E_COLI,Escherichia coli,Escherichia coli,517,Escherichia coli
EtFOSA,N-ethyl perfluoroctaansulfonamide,N-ethyl perfluorooctanesulfonamide,519,N-ethyl perfluorooctanesulfonamide; N-ethyl perfluoroctaansulfonamide
FAECS,Faeces,Feces,524,Feces; Faeces
FLAB,Flab (Floating Algae Beds),Floating Algae Beds,527,Floating Algae Beds; Flab (Floating Algae Beds)
FYTPT,Fytoplankton,Phytoplankton,529,Phytoplankton; Fytoplankton
FYT_bloei13,Fytopl. - bloeisoort (13) Gonyostomum semen,Phytoplankton bloom species Gonyostomum semen,530,Phytoplankton bloom species Gonyostomum semen; Fytopl. - bloeisoort (13) Gonyostomum semen
FolINDX,fenolindex,phenol index,538,phenol index; fenolindex
GEUR,Geur,Odor,540,Odor; Geur
GLTR,Gloeotrichia,Gloeotrichia,541,Gloeotrichia
GR,Gloeirest,Ash residue,542,Ash residue; Gloeirest
GROTDBPTN,Grote drijfbladplanten,Large floating leaf plants,543,Large floating leaf plants; Grote drijfbladplanten
H-PFC10asfzr,2-(perfluoroctyl)ethaan-1-sulfonzuur (8:2 FTS),2-(perfluorooctyl)ethane-1-sulfonic acid,547,2-(perfluorooctyl)ethane-1-sulfonic acid; 2-(perfluoroctyl)ethaan-1-sulfonzuur (8:2 FTS)
H-PFC12asfzr,"1H,1H,2H,2H-perfluordodecaansulfonzuur (10:2 FTS)","1H,1H,2H,2H-perfluorododecane-1-sulfonic acid",548,"1H,1H,2H,2H-perfluorododecane-1-sulfonic acid; 1H,1H,2H,2H-perfluordodecaansulfonzuur (10:2 FTS)"
H-PFC6asfzr,2-(perfluorbutyl)ethaan-1-sulfonzuur (4:2 FTS),2-(perfluorobutyl)ethane-1-sulfonic acid,549,2-(perfluorobutyl)ethane-1-sulfonic acid; 2-(perfluorbutyl)ethaan-1-sulfonzuur (4:2 FTS)
HBCD,"som HBCD (technisch mengsel, niet-gespecif. broom-posities)",sum HBCD technical mixture,554,"sum HBCD technical mixture; som HBCD (technisch mengsel, niet-gespecif. broom-posities)"
HYBDVS,Hybride vis,Hybrid fish,562,Hybrid fish; Hybride vis
IJSDK,IJsdek,Ice cover,577,Ice cover; IJsdek
INTTNLETRCCN,Intestinale enterococcen,Intestinal enterococci,578,Intestinal enterococci; Intestinale enterococcen
KLEUR,Kleur,Color,588,Color; Kleur
KROOS,Kroos,Duckweed,589,Duckweed; Kroos
KRUIDLG,Kruidlaag,Herb layer,590,Herb layer; Kruidlaag
KWD_VGTTBK,Kweldervegetatie(zone) - brak,Salt marsh vegetation - brackish,591,Salt marsh vegetation - brackish; Kweldervegetatie(zone) - brak
KWD_VGTTHG,Kweldervegetatie(zone) - hoog,Salt marsh vegetation - high,592,Salt marsh vegetation - high; Kweldervegetatie(zone) - hoog
KWD_VGTTLG,Kweldervegetatie(zone) - laag,Salt marsh vegetation - low,593,Salt marsh vegetation - low; Kweldervegetatie(zone) - laag
KWD_VGTTMDN,Kweldervegetatie(zone) - midden,Salt marsh vegetation - middle,594,Salt marsh vegetation - middle; Kweldervegetatie(zone) - midden
KWD_VGTTPONR,Kweldervegetatie(zone) - pionier,Salt marsh vegetation - pioneer,595,Salt marsh vegetation - pioneer; Kweldervegetatie(zone) - pionier
KWD_VGTTRT,Kweldervegetatie(zone) - riet,Salt marsh vegetation - reed,596,Salt marsh vegetation - reed; Kweldervegetatie(zone) - riet
KWD_VGTTZKK,Kweldervegetatie(zone) - zeekweek,Salt marsh vegetation - sea couch,597,Salt marsh vegetation - sea couch; Kweldervegetatie(zone) - zeekweek
KWELDR,Kwelder,Salt marsh,598,Salt marsh; Kwelder
KWELIDCTE,Kwelindicatie,Seepage indication,599,Seepage indication; Kwelindicatie
LEGONLA,Legionella,Legionella,600,Legionella
LIMNO,Limnothrix,Limnothrix,601,Limnothrix
L_PFDS,perfluor-1-decaansulfonzuur,perfluoro-1-decanesulfonic acid,603,perfluoro-1-decanesulfonic acid; perfluor-1-decaansulfonzuur
L_PFHpS,perfluor-1-heptaansulfonzuur,perfluoro-1-heptanesulfonic acid,604,perfluoro-1-heptanesulfonic acid; perfluor-1-heptaansulfonzuur
M2C2yC6yC6aD,mono-(2-ethylhexyl)-hexaandioaat,mono-(2-ethylhexyl) adipate,610,mono-(2-ethylhexyl) adipate; mono-(2-ethylhexyl)-hexaandioaat
MACFN,Macrofauna,Macrofauna,611,Macrofauna
MFT_BIES,Macrofyten - soorten bies,Macrophytes - sedge species,623,Macrophytes - sedge species; Macrofyten - soorten bies
MFySn,monofenyltin (kation),monophenyltin,624,monophenyltin; monofenyltin (kation)
MICY,Microcystis,Microcystis,625,Microcystis
MOSLG,Moslaag,Moss layer,626,Moss layer; Moslaag
MeFBSAA,perfluorbutaansulfonylamide(N-methyl)azijnzuur,N-methylperfluorobutanesulfonamidoacetic acid,628,N-methylperfluorobutanesulfonamidoacetic acid; perfluorbutaansulfonylamide(N-methyl)azijnzuur
NKj,stikstof Kjeldahl,Kjeldahl nitrogen,642,Kjeldahl nitrogen; stikstof Kjeldahl
NPEO2,nonylfenoldiethoxylaat,nonylphenol diethoxylate,649,nonylphenol diethoxylate; nonylfenoldiethoxylaat
NTOXSBVMGBAG,Niet-toxische bolvormige blauwalgen (chroococcales),Non-toxic spherical blue-green algae,651,Non-toxic spherical blue-green algae; Niet-toxische bolvormige blauwalgen (chroococcales)
NTOXSDVMGBAG,Niet-toxische draadvormige blauwalgen,Non-toxic filamentous blue-green algae,652,Non-toxic filamentous blue-green algae; Niet-toxische draadvormige blauwalgen
Nanorg,stikstof anorganisch,inorganic nitrogen,658,inorganic nitrogen; stikstof anorganisch
Norg,stikstof organisch,organic nitrogen,663,organic nitrogen; stikstof organisch
Ntot,stikstof totaal,total nitrogen,664,total nitrogen; stikstof totaal
OEVBSIG,Oeverbeschoeiing,Bank protection,666,Bank protection; Oeverbeschoeiing
OEVPTN,Oeverplanten,Bank plants,667,Bank plants; Oeverplanten
OLE,Olie,Oil,668,Oil; Olie
OS,Onopgeloste stoffen,Suspended solids,669,Suspended solids; Onopgeloste stoffen
OSCL,Oscillatoria [1],Oscillatoria,670,Oscillatoria; Oscillatoria [1]
OSTOF,Organisch stof,Organic matter,671,Organic matter; Organisch stof
OTNE,amberonne,amberonne,672,amberonne
Oatapplne,oxathiapiproline,oxathiapiproline,679,oxathiapiproline
PC2al,polyethanal,polyethanal,706,polyethanal
PFC5asfzr,perfluor-1-pentaansulfonzuur,perfluoro-1-pentanesulfonic acid,750,perfluoro-1-pentanesulfonic acid; perfluor-1-pentaansulfonzuur
PFC9asfzr,perfluornonaan-1-sulfonzuur,perfluorononane-1-sulfonic acid,751,perfluorononane-1-sulfonic acid; perfluornonaan-1-sulfonzuur
PFOPA,perfluoroctylfosfonzuur,perfluorooctylphosphonic acid,765,perfluorooctylphosphonic acid; perfluoroctylfosfonzuur
PHOI,Phormidium [1],Phormidium,776,Phormidium; Phormidium [1]
PLAN,Planktothrix,Planktothrix,777,Planktothrix
POELSK,Poelslak,Pool slag,779,Pool slag; Poelslak
PSEUDA,Pseudanabaena,Pseudanabaena,780,Pseudanabaena
Ptot,fosfor totaal,total phosphorus,792,total phosphorus; fosfor totaal
RESTBTA,Rest Beta,Residual Beta,796,Residual Beta; Rest Beta
RISCNVCANBTR,Risiconiveau cyanobacteriën,Risk level cyanobacteria,797,Risk level cyanobacteria; Risiconiveau cyanobacteriën
SCHUIM,Schuim,Foam,804,Foam; Schuim
STRUIKLG,Struiklaag,Shrub layer,806,Shrub layer; Struiklaag
SUBMSPTN,Submerse planten,Submerged plants,807,Submerged plants; Submerse planten
SUBST,Substraat,Substrate,808,Substrate; Substraat
Stot,zwavel totaal,total sulfur,823,total sulfur; zwavel totaal
T4ClC2a,tetrachloorethaan,tetrachloroethane,828,tetrachloroethane; tetrachloorethaan
THAUMTPPCSNA,Thaumetopoea processionea,Thaumetopoea processionea,865,Thaumetopoea processionea
THERMTLRTCLS,Thermotolerante Coli's (incubatie bij 44 C),Thermotolerant coliforms,866,Thermotolerant coliforms; Thermotolerante Coli's (incubatie bij 44 C)
TOTAFA,Totaal Alfa,Total Alpha,867,Total Alpha; Totaal Alfa
TOTBTA,Totaal Beta,Total Beta,868,Total Beta; Totaal Beta
TOTCLS,Totaal Coli's (incubatie bij 37 C),Total coliforms,869,Total coliforms; Totaal Coli's (incubatie bij 37 C)
TRICBHZA,Trichobilharzia,Trichobilharzia,871,Trichobilharzia
Taptnl,triapentenol,triapentenol,877,triapentenol
TccC6ySn,tricyclohexyltin (kation),tricyclohexyltin,886,tricyclohexyltin; tricyclohexyltin (kation)
Tcfndne,trichlofenidine,trichlofenidine,889,trichlofenidine
VEGTTE,Vegetatie,Vegetation,917,Vegetation; Vegetatie
VERORNGG,Verontreiniging,Contamination,918,Contamination; Verontreiniging
VISSN,Vissen,Fish,920,Fish; Vissen
VOGL,Vogel,Bird,921,Bird; Vogel
VUIL,Vuil,Dirt,922,Dirt; Vuil
WATPTN,Waterplanten,Aquatic plants,924,Aquatic plants; Waterplanten
WORO,Woronichinia,Woronichinia,925,Woronichinia
ZOOPT,Zooplankton,Zooplankton,930,Zooplankton
ZWEMMJK,Zwemmersjeuk,Swimmer's itch,931,Swimmer's itch; Zwemmersjeuk
aC1ysrn,alfa-methylstyreen,α-methylstyrene,935,α-methylstyrene; alfa-methylstyreen
aClfvfs,alfa-chloorfenvinfos,α-chlorfenvinphos,936,α-chlorfenvinphos; alfa-chloorfenvinfos
aHBCD,alfa-hexabroomcyclododecaan,α-hexabromocyclododecane,937,α-hexabromocyclododecane; alfa-hexabroomcyclododecaan
aHCH,alfa-hexachloorcyclohexaan,α-hexachlorocyclohexane,938,α-hexachlorocyclohexane; alfa-hexachloorcyclohexaan
acpmtn,alfa-cypermethrin,α-cypermethrin,945,α-cypermethrin; alfa-cypermethrin
aedsfn,alfa-endosulfan,α-endosulfan,953,α-endosulfan; alfa-endosulfan
afencactt,alfa-fenchylacetaat,α-fenchyl acetate,954,α-fenchyl acetate; alfa-fenchylacetaat
aiC1yionn,alfa-isomethylionon,α-isomethylionone,955,α-isomethylionone; alfa-isomethylionon
asbt,asbest,asbestos,978,asbestos; asbest
bClfvfs,beta-chloorfenvinfos,β-chlorfenvinphos,995,β-chlorfenvinphos; beta-chloorfenvinfos
bHBCD,beta-hexabroomcyclododecaan,β-hexabromocyclododecane,996,β-hexabromocyclododecane; beta-hexabroomcyclododecaan
bHCH,beta-hexachloorcyclohexaan,β-hexachlorocyclohexane,997,β-hexachlorocyclohexane; beta-hexachloorcyclohexaan
bHpClepO,beta-heptachloorepoxide,β-heptachlor epoxide,998,β-heptachlor epoxide; beta-heptachloorepoxide
bisPFC10yPO4,bisperfluordecylwaterstoffosfaat (8:2 diPAP),bis(perfluorodecyl) hydrogen phosphate,1033,bis(perfluorodecyl) hydrogen phosphate; bisperfluordecylwaterstoffosfaat (8:2 diPAP)
cF16C10ezr,cis-hexadecafluor-2-deceenzuur,cis-hexadecafluoro-2-decenoic acid,1056,cis-hexadecafluoro-2-decenoic acid; cis-hexadecafluor-2-deceenzuur
cHBCD,gamma-hexabroomcyclododecaan,γ-hexabromocyclododecane,1057,γ-hexabromocyclododecane; gamma-hexabroomcyclododecaan
cHCH,gamma-hexachloorcyclohexaan (lindaan),γ-hexachlorocyclohexane,1058,γ-hexachlorocyclohexane; gamma-hexachloorcyclohexaan (lindaan)
cpyrfnx,cis-pyrifenox,cis-pyrifenox,1121,cis-pyrifenox
dHCH,delta-hexachloorcyclohexaan,δ-hexachlorocyclohexane,1151,δ-hexachlorocyclohexane; delta-hexachloorcyclohexaan
desFyClidzn,desfenylchloridazon,desphenylchloridazon,1161,desphenylchloridazon; desfenylchloridazon
dmMC-RR,7-desmethylmicrocystine-RR,7-desmethylmicrocystin-RR,1171,7-desmethylmicrocystin-RR; 7-desmethylmicrocystine-RR
eHCH,epsilon-hexachloorcyclohexaan,ε-hexachlorocyclohexane,1178,ε-hexachlorocyclohexane; epsilon-hexachloorcyclohexaan
etpl,ethiprol,ethiprol,1206,ethiprol
fecrzlC2y,fenchlorazool-ethyl,fenchlorphos-ethyl,1215,fenchlorphos-ethyl; fenchlorazool-ethyl
fenctne,fenacitine,fenacetine,1225,fenacetine; fenacitine
fosC2yAl,fosetyl-aluminium,fosetyl-aluminium,1309,fosetyl-aluminium
fyccanne,fycocyanine,phycocyanin,1324,phycocyanin; fycocyanine
iC3yantnlAd,isopropylanthranilamide,isopropyl anthranilamide,1349,isopropyl anthranilamide; isopropylanthranilamide
iC3yfpp,iso-propylflamprop,isopropyl flamprop,1350,isopropyl flamprop; iso-propylflamprop
iClidzn,isochloridazon,isochloridazon,1351,isochloridazon
imzmtbzC1y,imazamethabenz-methyl,imazamethabenz-methyl,1364,imazamethabenz-methyl
ivmctne,ivermectine,ivermectin,1385,ivermectin; ivermectine
metNa,metham-natrium,metham-sodium,1435,metham-sodium; metham-natrium
metlClOoHac,metolachlor oxo azijnzuur,metolachlor oxoacetic acid,1447,metolachlor oxoacetic acid; metolachlor oxo azijnzuur
metrm,metiram,metiram,1456,metiram
metzClC2asfz,metazachloor-ethaansulfonzuur,metazachlor ethanesulfonic acid,1460,metazachlor ethanesulfonic acid; metazachloor-ethaansulfonzuur
metzClOoHac,metazachloor oxo azijnzuur,metazachlor oxoacetic acid,1461,metazachlor oxoacetic acid; metazachloor oxo azijnzuur
minrlole,minerale olie,mineral oil,1468,mineral oil; minerale olie
pirmsfrnC1y,pirimisulfuron-methyl,pirimisulfuron-methyl,1537,pirimisulfuron-methyl
protat,prothoaat,prothioate,1572,prothioate; prothoaat
pyrdfton,pyridafention,pyridafention,1584,pyridafention
ritlnzr,ritalinezuur,ritalic acid,1613,ritalic acid; ritalinezuur
s12x5T4ClBen,"som 1,2,3,5- en 1,2,4,5-tetrachloorbenzeen","sum 1,2,3,5- and 1,2,4,5-tetrachlorobenzene",1617,"sum 1,2,3,5- and 1,2,4,5-tetrachlorobenzene; som 1,2,3,5- en 1,2,4,5-tetrachloorbenzeen"
s1314xyln,"som 1,3- en 1,4-xyleen","sum 1,3- and 1,4-xylene",1618,"sum 1,3- and 1,4-xylene; som 1,3- en 1,4-xyleen"
s23x6T4ClFol,"som 2,3,4,6- en 2,3,5,6-tetrachloorfenol","sum 2,3,4,6- and 2,3,5,6-tetrachlorophenol",1619,"sum 2,3,4,6- and 2,3,5,6-tetrachlorophenol; som 2,3,4,6- en 2,3,5,6-tetrachloorfenol"
s2425DClAn,"som 2,4- en 2,5-dichlooraniline","sum 2,4- and 2,5-dichloroaniline",1620,"sum 2,4- and 2,5-dichloroaniline; som 2,4- en 2,5-dichlooraniline"
s2425DClFol,"som 2,4- en 2,5-dichloorfenol","sum 2,4- and 2,5-dichlorophenol",1621,"sum 2,4- and 2,5-dichlorophenol; som 2,4- en 2,5-dichloorfenol"
s2xDClFol,"som 2,3-, 2,4-, 2,5- en 2,6-dichloorfenol","sum 2,3-, 2,4-, 2,5- and 2,6-dichlorophenol",1622,"sum 2,3-, 2,4-, 2,5- and 2,6-dichlorophenol; som 2,3-, 2,4-, 2,5- en 2,6-dichloorfenol"
s34C2yTol,som 3- en 4-ethyltolueen,sum 3- and 4-ethyltoluene,1623,sum 3- and 4-ethyltoluene; som 3- en 4-ethyltolueen
s34ttCy4Fol,som 3- en 4-tertiair-butylfenol,sum 3- and 4-tert-butylphenol,1624,sum 3- and 4-tert-butylphenol; som 3- en 4-tertiair-butylfenol
s35DC1yFol4C,"som 3,5-dimethylfenol en 4-ethylfenol","sum 3,5-dimethylphenol and 4-ethylphenol",1625,"sum 3,5-dimethylphenol and 4-ethylphenol; som 3,5-dimethylfenol en 4-ethylfenol"
s45C1y1Hbzta,som 4- en 5-methyl-1H-benzotriazool,sum 4- and 5-methyl-1H-benzotriazole,1626,sum 4- and 5-methyl-1H-benzotriazole; som 4- en 5-methyl-1H-benzotriazool
s45Cl2C1yAn,som 4- en 5-chloor-2-methylaniline,sum 4- and 5-chloro-2-methylaniline,1627,sum 4- and 5-chloro-2-methylaniline; som 4- en 5-chloor-2-methylaniline
s4C9yFol,som 4-nonylfenol-isomeren (vertakt),sum 4-nonylphenol isomers (branched),1628,sum 4-nonylphenol isomers (branched); som 4-nonylfenol-isomeren (vertakt)
sAEs,som alkylethoxylaten,sum alkyl ethoxylates,1629,sum alkyl ethoxylates; som alkylethoxylaten
sANNADOLIC1,som Anabaena en Dolichospermum [1],sum Anabaena and Dolichospermum [1],1630,sum Anabaena and Dolichospermum [1]; som Anabaena en Dolichospermum [1]
sAOX,som adsorbeerbare organische halogeenverbindingen,sum adsorbable organic halogen compounds,1631,sum adsorbable organic halogen compounds; som adsorbeerbare organische halogeenverbindingen
sBbjF,som benzo(b)fluorantheen en benzo(j)fluorantheen,sum benzo(b)fluoranthene and benzo(j)fluoranthene,1632,sum benzo(b)fluoranthene and benzo(j)fluoranthene; som benzo(b)fluorantheen en benzo(j)fluorantheen
sBbkF,som benzo(b)fluorantheen en benzo(k)fluorantheen,sum benzo(b)fluoranthene and benzo(k)fluoranthene,1633,sum benzo(b)fluoranthene and benzo(k)fluoranthene; som benzo(b)fluorantheen en benzo(k)fluorantheen
sBghiPInP,"som benzo(ghi)peryleen en indeno(1,2,3-cd)pyreen","sum benzo(ghi)perylene and indeno(1,2,3-cd)pyrene",1634,"sum benzo(ghi)perylene and indeno(1,2,3-cd)pyrene; som benzo(ghi)peryleen en indeno(1,2,3-cd)pyreen"
sC10C13Clakn,som C10-C13-chlooralkanen,sum C10-C13 chloroalkanes,1635,sum C10-C13 chloroalkanes; som C10-C13-chlooralkanen
sCHLFa4,som 4 chlorofyl-a fracties,sum 4 chlorophyll-a fractions,1637,sum 4 chlorophyll-a fractions; som 4 chlorofyl-a fracties
sChER,som cholinesteraseremmers,sum cholinesterase inhibitors,1638,sum cholinesterase inhibitors; som cholinesteraseremmers
sClFol,som chloorfenolen,sum chlorophenols,1639,sum chlorophenols; som chloorfenolen
sCldn,som chloordaan (som cis- en trans-),sum chlordane (sum cis- and trans-),1640,sum chlordane (sum cis- and trans-); som chloordaan (som cis- en trans-)
sDC1yFol3,"som 3 dimethylfenolen (4-ethyl-3,5- en 2,3- en 3,5-)","sum 3 dimethylphenols (4-ethyl-3,5- and 2,3- and 3,5-)",1641,"sum 3 dimethylphenols (4-ethyl-3,5- and 2,3- and 3,5-); som 3 dimethylfenolen (4-ethyl-3,5- en 2,3- en 3,5-)"
sDC8yFt2,som dioctylftalaat en bis(2-ethylhexyl)ftalaat (DEHP),sum dioctyl phthalate and bis(2-ethylhexyl) phthalate (DEHP),1642,sum dioctyl phthalate and bis(2-ethylhexyl) phthalate (DEHP); som dioctylftalaat en bis(2-ethylhexyl)ftalaat (DEHP)
sDClBen,som dichloorbenzeen-isomeren,sum dichlorobenzene isomers,1643,sum dichlorobenzene isomers; som dichloorbenzeen-isomeren
sDClC2e,som dichlooretheen-isomeren,sum dichloroethene isomers,1644,sum dichloroethene isomers; som dichlooretheen-isomeren
sDClC3a,som dichloorpropaan-isomeren,sum dichloropropane isomers,1645,sum dichloropropane isomers; som dichloorpropaan-isomeren
sDClC3a3,"som 3 dichloorpropanen (som 1,1- en 1,2- en 1,3-)","sum 3 dichloropropanes (sum 1,1- and 1,2- and 1,3-)",1646,"sum 3 dichloropropanes (sum 1,1- and 1,2- and 1,3-); som 3 dichloorpropanen (som 1,1- en 1,2- en 1,3-)"
sDClFol6,"som 6 dichloorfenolen (Bbk, 1-1-2008)","sum 6 dichlorophenols (Bbk, 1-1-2008)",1647,"sum 6 dichlorophenols (Bbk, 1-1-2008); som 6 dichloorfenolen (Bbk, 1-1-2008)"
sDDD,"som 2,4'- en 4,4'-DDD","sum 2,4'- and 4,4'-DDD",1648,"sum 2,4'- and 4,4'-DDD; som 2,4'- en 4,4'-DDD"
sDDE,"som 2,4'- en 4,4'-DDE","sum 2,4'- and 4,4'-DDE",1649,"sum 2,4'- and 4,4'-DDE; som 2,4'- en 4,4'-DDE"
sDDT,"som 2,4'- en 4,4'-DDT","sum 2,4'- and 4,4'-DDT",1650,"sum 2,4'- and 4,4'-DDT; som 2,4'- en 4,4'-DDT"
sDDX2,"som 2,4'-DDT en 4,4'-DDD","sum 2,4'-DDT and 4,4'-DDD",1651,"sum 2,4'-DDT and 4,4'-DDD; som 2,4'-DDT en 4,4'-DDD"
sDDX4,"som 2,4'-DDT, 4,4'-DDT, 4,4'-DDD en 4,4'-DDE","sum 2,4'-DDT, 4,4'-DDT, 4,4'-DDD and 4,4'-DDE",1652,"sum 2,4'-DDT, 4,4'-DDT, 4,4'-DDD and 4,4'-DDE; som 2,4'-DDT, 4,4'-DDT, 4,4'-DDD en 4,4'-DDE"
sDDX6,"som 2,4'-, 4,4'-DDT, 2,4'-, 4,4'-DDD, 2,4'- en 4,4'-DDE","sum 2,4'-, 4,4'-DDT, 2,4'-, 4,4'-DDD, 2,4'- and 4,4'-DDE",1653,"sum 2,4'-, 4,4'-DDT, 2,4'-, 4,4'-DDD, 2,4'- and 4,4'-DDE; som 2,4'-, 4,4'-DDT, 2,4'-, 4,4'-DDD, 2,4'- en 4,4'-DDE"
sDOxns29,"som 29 dioxines (Bbk, 1-10-2010, als TEQ)","sum 29 dioxins (Bbk, 1-10-2010, as TEQ)",1654,"sum 29 dioxins (Bbk, 1-10-2010, as TEQ); som 29 dioxines (Bbk, 1-10-2010, als TEQ)"
sDRIJFBEMSPT,som drijfblad- en emerse planten,sum floating-leaf and emergent plants,1655,sum floating-leaf and emergent plants; som drijfblad- en emerse planten
sDtocbmt,som dithiocarbamaten,sum dithiocarbamates,1656,sum dithiocarbamates; som dithiocarbamaten
sEDTANTADTPA,"som EDTA, NTA en DTPA","sum EDTA, NTA and DTPA",1657,"sum EDTA, NTA and DTPA; som EDTA, NTA en DTPA"
sEMSOVPTN,som emerse en oeverplanten,sum emergent and marginal plants,1658,sum emergent and marginal plants; som emerse en oeverplanten
sEOV,som extraheerbare oliën en vetten,sum extractable oils and fats,1659,sum extractable oils and fats; som extraheerbare oliën en vetten
sEOX,som extraheerbare organische halogeenverbindingen,sum extractable organic halogen compounds,1660,sum extractable organic halogen compounds; som extraheerbare organische halogeenverbindingen
sFEO,som Feopigment,sum pheophytin,1661,sum pheophytin; som Feopigment
sFLABKROOS,som flab en kroos,sum filamentous algae and duckweed,1662,sum filamentous algae and duckweed; som flab en kroos
sFolwv,som fenolen waterdampvluchtig,sum phenols water-vapor volatile,1663,sum phenols water-vapor volatile; som fenolen waterdampvluchtig
sHBCD,"som 1,2,5,6,9,10-hexabroomcyclododecaan","sum 1,2,5,6,9,10-hexabromocyclododecane",1664,"sum 1,2,5,6,9,10-hexabromocyclododecane; som 1,2,5,6,9,10-hexabroomcyclododecaan"
sHCH,som hexachloorcyclohexaan-isomeren,sum hexachlorocyclohexane isomers,1665,sum hexachlorocyclohexane isomers; som hexachloorcyclohexaan-isomeren
sHCH3,"som a-, b- en c-HCH","sum α-, β- and γ-HCH",1666,"sum α-, β- and γ-HCH; som a-, b- en c-HCH"
sHCH4,"som a-, b-, c- en d-HCH","sum α-, β-, γ- and δ-HCH",1667,"sum α-, β-, γ- and δ-HCH; som a-, b-, c- en d-HCH"
sHpCl1,som heptachloor en cis-heptachloorepoxide,sum heptachlor and cis-heptachlor epoxide,1668,sum heptachlor and cis-heptachlor epoxide; som heptachloor en cis-heptachloorepoxide
sHpCl2,som heptachloor en cis- en trans-heptachloorepoxide,sum heptachlor and cis- and trans-heptachlor epoxide,1669,sum heptachlor and cis- and trans-heptachlor epoxide; som heptachloor en cis- en trans-heptachloorepoxide
sHpClepO,som heptachloorepoxide (som cis- en trans-),sum heptachlor epoxide (sum cis- and trans-),1670,sum heptachlor epoxide (sum cis- and trans-); som heptachloorepoxide (som cis- en trans-)
sMAK,som monocyclische aromatische koolwaterstoffen (BTEX),sum monocyclic aromatic hydrocarbons (BTEX),1671,sum monocyclic aromatic hydrocarbons (BTEX); som monocyclische aromatische koolwaterstoffen (BTEX)
sMCPB24DB,som MCPB en 24DB,"sum MCPB and 2,4-DB",1672,"sum MCPB and 2,4-DB; som MCPB en 24DB"
sMClAn,som monochlooraniline-isomeren,sum monochloroaniline isomers,1673,sum monochloroaniline isomers; som monochlooraniline-isomeren
sMClFol,som monochloorfenol-isomeren,sum monochlorophenol isomers,1674,sum monochlorophenol isomers; som monochloorfenol-isomeren
sMICCTNS,som microcystines,sum microcystins,1675,sum microcystins; som microcystines
sNO3NO2,som nitraat en nitriet,sum nitrate and nitrite,1676,sum nitrate and nitrite; som nitraat en nitriet
sPAK10,som 10 polycyclische aromatische koolwaterstoffen (VROM),sum 10 polycyclic aromatic hydrocarbons (VROM),1677,sum 10 polycyclic aromatic hydrocarbons (VROM); som 10 polycyclische aromatische koolwaterstoffen (VROM)
sPAK16,som 16 polycyclische aromatische koolwaterstoffen (EPA),sum 16 polycyclic aromatic hydrocarbons (EPA),1678,sum 16 polycyclic aromatic hydrocarbons (EPA); som 16 polycyclische aromatische koolwaterstoffen (EPA)
sPAK6,som 6 polycyclische aromatische koolwaterstoffen (Borneff),sum 6 polycyclic aromatic hydrocarbons (Borneff),1679,sum 6 polycyclic aromatic hydrocarbons (Borneff); som 6 polycyclische aromatische koolwaterstoffen (Borneff)
sPBDE6,"som PBDE28, 47, 99, 100, 153, 154","sum PBDE28, 47, 99, 100, 153, 154",1680,"sum PBDE28, 47, 99, 100, 153, 154; som PBDE28, 47, 99, 100, 153, 154"
sPCB2831,som PCB28 en PCB31,sum PCB28 and PCB31,1681,sum PCB28 and PCB31; som PCB28 en PCB31
sPCB6,"som 6 polychloorbifenylen PCB28, 52, 101, 138, 153, 180","sum 6 polychlorinated biphenyls PCB28, 52, 101, 138, 153, 180",1682,"sum 6 polychlorinated biphenyls PCB28, 52, 101, 138, 153, 180; som 6 polychloorbifenylen PCB28, 52, 101, 138, 153, 180"
sPCB7,"som 7 polychloorbifenylen PCB28, 52, 101, 118, 138, 153, 180","sum 7 polychlorinated biphenyls PCB28, 52, 101, 118, 138, 153, 180",1683,"sum 7 polychlorinated biphenyls PCB28, 52, 101, 118, 138, 153, 180; som 7 polychloorbifenylen PCB28, 52, 101, 118, 138, 153, 180"
sPO4,som orthofosfaat en hydrolyseerbaar fosfaat,sum orthophosphate and hydrolyzable phosphate,1684,sum orthophosphate and hydrolyzable phosphate; som orthofosfaat en hydrolyseerbaar fosfaat
sPTOXSBAGN,som potentieel toxische blauwalgen,sum potentially toxic blue-green algae,1685,sum potentially toxic blue-green algae; som potentieel toxische blauwalgen
sSUBMSDBEMSP,"som submerse, drijfblad- en emerse planten","sum submerged, floating-leaf and emergent plants",1686,"sum submerged, floating-leaf and emergent plants; som submerse, drijfblad- en emerse planten"
sSUBMSDBPTN,som submerse en drijfbladplanten,sum submerged and floating-leaf plants,1687,sum submerged and floating-leaf plants; som submerse en drijfbladplanten
sSUBMSPTDAGN,som submerse planten en draadalgen,sum submerged plants and filamentous algae,1688,sum submerged plants and filamentous algae; som submerse planten en draadalgen
sT4ClBen,som tetrachloorbenzeen-isomeren,sum tetrachlorobenzene isomers,1689,sum tetrachlorobenzene isomers; som tetrachloorbenzeen-isomeren
sT4ClFol,som tetrachloorfenol-isomeren,sum tetrachlorophenol isomers,1690,sum tetrachlorophenol isomers; som tetrachloorfenol-isomeren
sTClBen,"som trichloorbenzenen (som 1,2,3- en 1,2,4- en 1,3,5-)","sum trichlorobenzenes (sum 1,2,3- and 1,2,4- and 1,3,5-)",1691,"sum trichlorobenzenes (sum 1,2,3- and 1,2,4- and 1,3,5-); som trichloorbenzenen (som 1,2,3- en 1,2,4- en 1,3,5-)"
sTClFol,som trichloorfenol-isomeren,sum trichlorophenol isomers,1692,sum trichlorophenol isomers; som trichloorfenol-isomeren
sTOXSBAGN5,som 5 toxische blauwalgen,sum 5 toxic blue-green algae,1693,sum 5 toxic blue-green algae; som 5 toxische blauwalgen
sVCK,som vluchtige chloorkoolwaterstoffen,sum volatile chlorinated hydrocarbons,1694,sum volatile chlorinated hydrocarbons; som vluchtige chloorkoolwaterstoffen
sVOC,som vluchtige organische verbindingen (GM-MS-screening),sum volatile organic compounds (GC-MS screening),1695,sum volatile organic compounds (GC-MS screening); som vluchtige organische verbindingen (GM-MS-screening)
sVOX,som vluchtige organische halogeenverbindingen,sum volatile organic halogen compounds,1696,sum volatile organic halogen compounds; som vluchtige organische halogeenverbindingen
sabcHBCD,"som a-, b- en c-HBCD","sum α-, β- and γ-HBCD",1697,"sum α-, β- and γ-HBCD; som a-, b- en c-HBCD"
sanionn,som anionen,sum anions,1701,sum anions; som anionen
santadgnsfn,som anti-androgene stoffen,sum anti-androgenic substances,1702,sum anti-androgenic substances; som anti-androgene stoffen
scresl2,som m-cresol en p-cresol,sum m-cresol and p-cresol,1703,sum m-cresol and p-cresol; som m-cresol en p-cresol
sdetgtaiatf,som detergenten anionactief,sum anionic surfactants,1704,sum anionic surfactants; som detergenten anionactief
sdetgtkiatf,som detergenten kationactief,sum cationic surfactants,1705,sum cationic surfactants; som detergenten kationactief
sdetgtniatf,som detergenten nonionactief,sum nonionic surfactants,1706,sum nonionic surfactants; som detergenten nonionactief
sdmtn,som o-demeton en s-demeton,sum O-demeton and S-demeton,1707,sum O-demeton and S-demeton; som o-demeton en s-demeton
sdrin3,"som aldrin, dieldrin en endrin","sum aldrin, dieldrin and endrin",1708,"sum aldrin, dieldrin and endrin; som aldrin, dieldrin en endrin"
sdrin4,"som aldrin, dieldrin, endrin en isodrin","sum aldrin, dieldrin, endrin and isodrin",1709,"sum aldrin, dieldrin, endrin and isodrin; som aldrin, dieldrin, endrin en isodrin"
sdrin5,"som aldrin, dieldrin, endrin, isodrin en telodrin","sum aldrin, dieldrin, endrin, isodrin and telodrin",1710,"sum aldrin, dieldrin, endrin, isodrin and telodrin; som aldrin, dieldrin, endrin, isodrin en telodrin"
sendsfn2,som alfa-endosulfan en endosulfansulfaat,sum α-endosulfan and endosulfan sulfate,1715,sum α-endosulfan and endosulfan sulfate; som alfa-endosulfan en endosulfansulfaat
sestgnsfn,som estrogene stoffen,sum estrogenic substances,1716,sum estrogenic substances; som estrogene stoffen
sftalt,som ftalaten,sum phthalates,1717,sum phthalates; som ftalaten
sgewbsmmdln,som gewasbeschermingsmiddelen (BKMW),sum plant protection products (BKMW),1718,sum plant protection products (BKMW); som gewasbeschermingsmiddelen (BKMW)
sindxcb,som indoxacarb (S- en R-isomeer),sum indoxacarb (S- and R-isomer),1724,sum indoxacarb (S- and R-isomer); som indoxacarb (S- en R-isomeer)
skationn,som kationen,sum cations,1725,sum cations; som kationen
slinverPFHxS,som lineair en vertakte perfluorhexaansulfonzuur,sum linear and branched perfluorohexanesulfonic acid,1726,sum linear and branched perfluorohexanesulfonic acid; som lineair en vertakte perfluorhexaansulfonzuur
slinvertPFOA,som lineair en vertakte perfluoroctaanzuur,sum linear and branched perfluorooctanoic acid,1727,sum linear and branched perfluorooctanoic acid; som lineair en vertakte perfluoroctaanzuur
slinvertPFOS,som lineair en vertakte perfluoroctylsulfonaat,sum linear and branched perfluorooctylsulfonate,1728,sum linear and branched perfluorooctylsulfonate; som lineair en vertakte perfluoroctylsulfonaat
smilbmcn,som milbemycin A3 + A4,sum milbemycin A3 + A4,1729,sum milbemycin A3 + A4; som milbemycin A3 + A4
speroxsplfrt,som peroxisoom proliferators (gamma),sum peroxisome proliferators (γ),1731,sum peroxisome proliferators (γ); som peroxisoom proliferators (gamma)
spetlusfntn,som petroleumsulfonaten,sum petroleum sulfonates,1732,sum petroleum sulfonates; som petroleumsulfonaten
spintrm,spinetoram (mix),spinetoram (mix),1736,spinetoram (mix)
spirmcne,spiramycine (I+II+III),spiramycin (I+II+III),1738,spiramycin (I+II+III); spiramycine (I+II+III)
spyrtnIenII,som pyrethrin I en II,sum pyrethrin I and II,1742,sum pyrethrin I and II; som pyrethrin I en II
sttC8yFol,som tertiair-octylfenol-isomeren,sum tert-octylphenol isomers,1743,sum tert-octylphenol isomers; som tertiair-octylfenol-isomeren
sverttPFHxS,som vertakte PFHxS-isomeren,sum branched PFHxS isomers,1762,sum branched PFHxS isomers; som vertakte PFHxS-isomeren
sverttPFOA,som vertakte PFOA-isomeren,sum branched PFOA isomers,1763,sum branched PFOA isomers; som vertakte PFOA-isomeren
sverttPFOS,som vertakte PFOS-isomeren,sum branched PFOS isomers,1764,sum branched PFOS isomers; som vertakte PFOS-isomeren
sxyln,som xyleen-isomeren,sum xylene isomers,1765,sum xylene isomers; som xyleen-isomeren
tfluoxsbn,trans-fluoxastrobin,trans-fluoxastrobin,1795,trans-fluoxastrobin
tpyrfnx,trans-pyrifenox,trans-pyrifenox,1820,trans-pyrifenox
